#x_ref_m;y_ref_m;width_right_m;width_left_m;x_normvec_m;y_normvec_m;alpha_m;s_racetraj_m;psi_racetraj_rad;kappa_racetraj_radpm;vx_racetraj_mps;ax_racetraj_mps2
-0.030047;0.0023037;7.6200557;7.6799443;-0.9997958;-0.0202092;5.1869239;0.0;-3.1214212;-2.1e-06;63.9066549;0.3178305
0.0913128;-5.9954796;7.6199562;7.6800438;-0.9997949;-0.0202501;5.1873235;5.9992233;-3.121435;-2.5e-06;63.9363908;0.3140748
0.2129069;-11.9932774;7.619847;7.680153;-0.9997942;-0.0202872;5.1880452;11.998446;-3.1214504;-2.7e-06;63.9657616;0.3103654
0.3347124;-17.9910888;7.6197299;7.6802701;-0.9997935;-0.0203204;5.1890738;17.9976667;-3.1214671;-2.9e-06;63.9947723;0.3067017
0.4567061;-23.9889129;7.6185394;7.6814606;-0.9997929;-0.0203498;5.1903952;23.9968841;-3.1214853;-3.2e-06;64.0234277;0.303083
0.5788649;-29.9867487;7.6204694;7.6795306;-0.9997924;-0.0203754;5.1919962;29.9960967;-3.1215053;-3.5e-06;64.0517323;0.2995088
0.7011657;-35.9845953;7.620481;7.679519;-0.999792;-0.0203971;5.193865;35.9953032;-3.1215273;-3.9e-06;64.0796909;0.2959784
0.8235856;-41.9824518;7.620435;7.679565;-0.9997916;-0.020415;5.1959912;41.9945021;-3.1215516;-4.3e-06;64.1073079;0.2924913
0.9461013;-47.9803173;7.6203135;7.6796865;-0.9997913;-0.020429;5.1983665;47.993692;-3.1215785;-4.7e-06;64.1345879;0.2890469
1.0686898;-53.9781907;7.6202698;7.6797302;-0.9997911;-0.0204392;5.2009844;53.9928716;-3.1216083;-5.2e-06;64.1615352;0.2856446
1.191328;-59.9760711;7.6197377;7.6802623;-0.999791;-0.0204455;5.2038406;59.9920394;-3.1216415;-5.8e-06;64.1881542;0.2822838
1.3139929;-65.9739577;7.6201537;7.6798463;-0.9997909;-0.020448;5.2069337;65.9911939;-3.1216785;-6.5e-06;64.2144491;0.278964
1.4366613;-71.9718495;7.6200424;7.6799576;-0.9997909;-0.0204466;5.2102654;71.9903339;-3.12172;-7.3e-06;64.2404242;0.2756845
1.5593101;-77.9697455;7.6200061;7.6799939;-0.9997911;-0.0204415;5.2138409;77.9894577;-3.1217664;-8.2e-06;64.2660837;0.2724448
1.6819163;-83.9676448;7.6208257;7.6791743;-0.9997912;-0.0204324;5.2176694;83.9885641;-3.1218187;-9.2e-06;64.2914315;0.2692444
1.8044568;-89.9655465;7.621018;7.678982;-0.9997915;-0.0204195;5.2217653;89.9876517;-3.1218775;-1.04e-05;64.3164717;0.2660826
1.9269084;-95.9634497;7.6210438;7.6789562;-0.9997918;-0.0204028;5.2261479;95.9867189;-3.121944;-1.18e-05;64.3412083;0.2629587
2.0492482;-101.9613533;7.6210602;7.6789398;-0.9997923;-0.0203822;5.2308431;101.9857643;-3.1220192;-1.33e-05;64.3656451;0.2598723
2.171453;-107.9592566;7.6210685;7.6789315;-0.9997928;-0.0203578;5.2358836;107.9847867;-3.1221042;-1.51e-05;64.389786;0.2568226
2.2934997;-113.9571584;7.6211106;7.6788894;-0.9997933;-0.0203296;5.2413102;113.9837846;-3.1222007;-1.71e-05;64.4136346;0.253809
2.4153653;-119.9550579;7.6210654;7.6789346;-0.999794;-0.0202975;5.2471724;119.9827565;-3.12231;-1.94e-05;64.4371947;0.2508306
2.5370267;-125.9529542;7.621139;7.678861;-0.9997947;-0.0202615;5.2535306;125.9817012;-3.1224343;-2.21e-05;64.4604699;0.2478866
2.6584607;-131.9508464;7.6217338;7.6782662;-0.9997955;-0.0202218;5.2604583;131.9806173;-3.1225759;-2.52e-05;64.4834635;0.2449758
2.7796443;-137.9487334;7.6224072;7.6775928;-0.9997964;-0.0201781;5.2680455;137.9795035;-3.122738;-2.89e-05;64.506179;0.2420967
2.9005544;-143.9466143;7.6225203;7.6774797;-0.9997974;-0.0201307;5.2764035;143.9783585;-3.1229244;-3.33e-05;64.5286195;0.2392477
3.0211679;-149.9444883;7.6226766;7.6773234;-0.9997984;-0.0200793;5.2856688;149.9771812;-3.1231397;-3.85e-05;64.5507882;0.2364269
3.1414618;-155.9423544;7.6228692;7.6771308;-0.9997995;-0.0200242;5.296005;155.9759705;-3.1233883;-4.44e-05;64.5726878;0.2336334
3.2614129;-161.9402116;7.6230497;7.6769503;-0.9998007;-0.0199652;5.3076002;161.9747253;-3.1236737;-5.08e-05;64.5943213;0.2308669
3.3809982;-167.938059;7.6232614;7.6767386;-0.9998019;-0.0199023;5.3206586;167.9734449;-3.1239978;-5.73e-05;64.6156913;0.2281274
3.5001945;-173.9358956;7.6234862;7.6765138;-0.9998033;-0.0198356;5.335393;173.9721286;-3.124362;-6.42e-05;64.6368006;0.2254106
3.6189788;-179.9337207;7.6237797;7.6762203;-0.9998047;-0.0197651;5.3520348;179.9707759;-3.1247723;-7.3e-05;64.6576512;0.2226963
3.7373281;-185.9315331;7.624482;7.675518;-0.9998061;-0.0196907;5.3708913;185.9693866;-3.1252503;-8.75e-05;64.6782425;0.2199232
3.8552191;-191.9293319;7.6254801;7.6745199;-0.9998077;-0.0196125;5.3924903;191.9679619;-3.1258509;-0.000115;64.6985664;0.216928
3.9726289;-197.9271163;7.6257654;7.6742346;-0.9998093;-0.0195304;5.4178388;197.9665054;-3.1266811;-0.0001654;64.7185952;0.213315
4.0895343;-203.9248853;7.6261064;7.6738936;-0.9998109;-0.0194445;5.4487691;203.9650268;-3.1279075;-0.000248;64.7382562;0.2083213
4.2059123;-209.922638;7.6267941;7.6732059;-0.9998127;-0.0193547;5.4882386;209.9635482;-3.1297293;-0.000363;64.7574;0.2011109
4.3217398;-215.9203733;7.6417892;7.6582108;-0.9998145;-0.0192611;5.5402923;215.9621131;-3.1322892;-0.0004896;64.7758205;0.1923142
4.4369936;-221.9180905;7.6578011;7.6421989;-0.9998164;-0.0191637;5.6092611;221.9607932;-3.1355092;-0.0005738;64.7934501;0.1864971
4.5516507;-227.9157884;7.6738922;7.6261078;-0.9998183;-0.0190624;5.6977892;227.9596703;-3.1388698;-0.0005217;64.8107408;0.1908214
4.6656881;-233.9134663;7.6902278;7.6097722;-0.9998203;-0.0189573;5.8034252;233.958759;-3.1411578;-0.0001961;64.8286518;0.1986893
4.7790826;-239.9111232;7.7051834;7.5948166;-0.9998224;-0.0188483;5.9138201;239.9578651;-3.140305;0.0005349;64.8465748;0.1540345
4.8918111;-245.9087581;7.7214088;7.5785912;-0.9998245;-0.0187354;6.0030597;245.9565605;-3.134141;0.0015233;64.8575737;-0.0186832
5.0038506;-251.9063701;7.73765;7.56235;-0.9998267;-0.0186188;6.0376497;251.9546494;-3.122663;0.0022351;64.8500148;-0.2732736
5.1165502;-257.9038959;7.7538574;7.5461426;-0.999816;-0.019185;5.9931242;257.9568555;-3.1079309;0.0026211;64.8186325;-0.6961615
5.2367504;-263.9010228;7.7700585;7.5299415;-0.9997769;-0.0211213;5.8623019;263.9681413;-3.0918024;0.0027389;64.7395238;-1.2886502
5.372665;-269.8973754;7.7606406;7.5393594;-0.9997016;-0.0244279;5.6481762;269.9889232;-3.0752648;0.0027693;64.6055642;-1.9132993
5.5325078;-275.8925787;7.7439963;7.5560037;-0.9995764;-0.0291051;5.3573274;276.0190589;-3.0586373;0.0027738;64.41235;-2.5476279
5.7244926;-281.8862574;7.7156281;7.5843719;-0.9993819;-0.0351528;4.99748;282.0578996;-3.0419945;0.0027762;64.16032;-3.1147647
5.9568331;-287.8780363;7.6582118;7.6417882;-0.9990935;-0.0425701;4.5765802;288.1044057;-3.0253228;0.002784;63.8567544;-3.5516969
6.2377432;-293.8675402;7.6352543;7.6647457;-0.9986805;-0.0513551;4.1024847;294.1572715;-3.0085846;0.0027982;63.5143946;-3.8230217
6.5754366;-299.8543939;7.6683021;7.6316979;-0.9981069;-0.0615038;3.5829039;300.2150396;-2.9917478;0.0028167;63.1482478;-3.952491
6.9781273;-305.8382222;7.707855;7.592145;-0.9973312;-0.0730098;3.0254381;306.2762077;-2.9747895;0.0028385;62.7706874;-3.9694288
7.4540288;-311.81865;7.7472374;7.5527626;-0.9963069;-0.0858633;2.4375907;312.3393348;-2.9576937;0.0028624;62.391609;-3.9069122
8.0113328;-317.7952224;7.7861155;7.5138845;-0.9949838;-0.1000358;1.8267416;318.4030416;-2.9404384;0.0028916;62.017735;-3.801448
8.6577177;-323.765654;7.8072901;7.4927099;-0.9933151;-0.1154345;1.1999419;324.4643097;-2.9229933;0.0029261;61.6524301;-3.6842251
9.4003485;-329.7258276;7.8143505;7.4856495;-0.9912428;-0.1320517;0.564018;330.5188406;-2.905337;0.0029612;61.2963075;-3.5775272
10.2463679;-335.6715466;7.821764;7.478236;-0.9887023;-0.1498925;-0.074102;336.562655;-2.8874736;0.0029949;60.9479214;-3.4990515
11.2029186;-341.5986141;7.8288628;7.4711372;-0.9856232;-0.1689585;-0.7073353;342.5922226;-2.8694135;0.0030268;60.6043031;-3.4471385
12.2771435;-347.5028334;7.8327959;7.4672041;-0.9819296;-0.1892463;-1.3284738;348.6045623;-2.8511673;0.003057;60.2639344;-3.3865537
13.4761852;-353.3800078;7.8362548;7.4637452;-0.9775409;-0.210746;-1.9302423;354.5973528;-2.8327444;0.0030856;59.928269;-3.3092695
14.8071864;-359.2259404;7.8403781;7.4596219;-0.9723713;-0.2334397;-2.5053458;360.5690471;-2.8141559;0.0031123;59.5987666;-3.2263624
16.2772899;-365.0364346;7.8460222;7.4539778;-0.9663317;-0.2572995;-3.0465126;366.5189914;-2.7954133;0.0031371;59.275687;-3.1498449
17.8936384;-370.8072935;7.8495488;7.4504512;-0.9593302;-0.2822862;-3.5465499;372.4475464;-2.7765258;0.0031606;58.9582061;-3.0871171
19.6633747;-376.5343205;7.8383547;7.4616453;-0.9512738;-0.3083474;-3.9985099;378.3562146;-2.757446;0.0032119;58.6449063;-3.0400904
21.592338;-382.2129232;7.819566;7.480434;-0.9422536;-0.3349002;-4.3972334;384.2493609;-2.7381872;0.0032168;58.3343245;-3.0058882
23.6811515;-387.8369272;7.8027423;7.4972577;-0.9324057;-0.3614134;-4.7410688;390.1296517;-2.7188001;0.0032479;58.0253436;-2.9775576
25.9291337;-393.3997619;7.8670825;7.4329175;-0.9217013;-0.3879003;-5.0294432;395.9971398;-2.6992291;0.0032779;57.7177177;-2.9431856
28.335603;-398.894857;7.9953528;7.3046472;-0.9101081;-0.4143708;-5.2615472;401.8520609;-2.6794813;0.0033071;57.4123951;-2.8937221
30.8998779;-404.3156419;8.1046914;7.1953086;-0.8975875;-0.4408363;-5.4363202;407.6948551;-2.6595184;0.0033671;57.1110135;-2.8370625
33.6207884;-409.6560395;8.0098622;7.2901378;-0.8843431;-0.4668375;-5.5539517;413.5293951;-2.63925;0.0033581;56.8137368;-2.798292
36.491483;-414.9157079;7.8318349;7.4681651;-0.8711752;-0.4909722;-5.6208395;419.3683451;-2.6190087;0.0033886;56.5182784;-2.7791258
39.5014434;-420.0980067;7.6562589;7.6437411;-0.8582857;-0.5131721;-5.648105;425.2168725;-2.5985925;0.0034189;56.2231086;-2.7639227
42.6400902;-425.2063573;7.584052;7.715948;-0.8458073;-0.5334885;-5.6475368;431.0778399;-2.5779953;0.0034491;55.9281359;-2.7445585
45.896844;-430.2441811;7.6480318;7.6519682;-0.8338549;-0.5519837;-5.6310061;436.9526207;-2.5572406;0.0034566;55.6341727;-2.71214
49.2613225;-435.2147558;7.7137349;7.5862651;-0.8223892;-0.5689252;-5.6096002;442.8399801;-2.5434477;0.0034745;55.4396999;-2.6713191
52.7276778;-440.118049;7.7818823;7.5181177;-0.8106287;-0.5855606;-5.5893705;448.7308673;-2.522397;0.0035291;55.1528489;-2.5761501
56.2945981;-444.9507177;7.8227889;7.4772111;-0.7984242;-0.6020953;-5.571238;454.6227856;-2.5011367;0.0035598;54.8768043;-2.4230518
59.9609689;-449.7092748;7.8571906;7.4428094;-0.7857611;-0.6185301;-5.5551611;460.5146683;-2.4796956;0.0035891;54.6179123;-2.222463
63.7256755;-454.3902331;7.8929584;7.4070416;-0.7726237;-0.6348642;-5.5408952;466.4055281;-2.4580915;0.0036136;54.3803557;-2.0186843
67.5876034;-458.9901057;7.9327779;7.3672221;-0.758996;-0.6510953;-5.5278915;472.2944681;-2.4363667;0.0036286;54.1628004;-1.8683233
71.5456379;-463.5054053;7.9763533;7.3236467;-0.7448615;-0.6672191;-5.5151577;478.1806972;-2.4145884;0.0036314;53.9586987;-1.776314
75.5986647;-467.932645;8.0199093;7.2800907;-0.7302035;-0.6832297;-5.5012006;484.0635483;-2.3928213;0.0036264;53.764343;-1.6217578
79.7455689;-472.2683376;8.0680291;7.2319709;-0.715005;-0.6991194;-5.4842033;489.9424974;-2.3710777;0.0036251;53.5932765;-1.1796703
83.9852362;-476.508996;8.1132636;7.1867364;-0.6992493;-0.7148779;-5.4623542;495.817179;-2.3493244;0.0036277;53.482267;-0.3945187
88.316551;-480.6511355;8.15763;7.14237;-0.6829258;-0.7304878;-5.4338787;501.6874392;-2.3275579;0.0036238;53.4585772;0.0722194
92.7381202;-484.6921075;8.2027465;7.0972535;-0.6662591;-0.7457204;-5.3972534;507.5553526;-2.3059832;0.0035764;53.4717367;0.2190556
97.2478689;-488.6313121;8.2072035;7.0927965;-0.6493996;-0.7604473;-5.3519339;513.4232371;-2.284628;0.0035474;53.4995016;0.2903125
101.84362;-492.4684583;8.1837896;7.1162104;-0.632364;-0.7746714;-5.2980772;519.2924481;-2.2633795;0.0035421;53.531461;0.2571981
106.5231962;-496.2032548;8.1582638;7.1417362;-0.6151698;-0.7883946;-5.2365923;525.1642453;-2.2420921;0.0035586;53.5565152;0.1561872
111.2844204;-499.8354102;8.131207;7.168793;-0.5978336;-0.8016202;-5.1691298;531.0397632;-2.2206756;0.0035826;53.5693491;0.0487744
116.1251152;-503.3646335;8.1013166;7.1986834;-0.5803712;-0.8143521;-5.0976711;536.920005;-2.1991269;0.0036011;53.5714156;-0.0198606
121.0431035;-506.7906333;8.0711945;7.2288055;-0.5627972;-0.826595;-5.0241024;542.8058498;-2.184713;0.0036074;53.5694536;-0.0322212
126.036208;-510.1131184;8.0451001;7.2548999;-0.5451257;-0.8383544;-4.9499816;548.6980671;-2.1630723;0.0036065;53.5664907;-0.0012304
131.1022515;-513.3317976;8.0245149;7.2754851;-0.5273695;-0.8496361;-4.876475;554.5973318;-2.1414714;0.0035944;53.5686663;0.0701218
136.2390568;-516.4463796;8.0036988;7.2963012;-0.5095436;-0.8604448;-4.8043943;560.5042507;-2.1199726;0.0035661;53.5793621;0.1485135
141.4444484;-519.456193;7.9749832;7.3250168;-0.4914334;-0.8709151;-4.733653;566.4179314;-2.0986806;0.0035542;53.5980729;0.1986815
146.7162723;-522.3561453;7.8165107;7.4834893;-0.472322;-0.8814261;-4.6609552;572.3328362;-2.0773623;0.0035514;53.6208612;0.2031472
152.0523879;-525.1382915;7.6388904;7.6611096;-0.4520998;-0.8919673;-4.5806103;578.2459678;-2.0560595;0.0035532;53.6427629;0.1712149
157.450655;-527.794639;7.4635918;7.8364082;-0.4307089;-0.9024909;-4.4866668;584.1551856;-2.0347285;0.0035598;53.660536;0.1291558
162.9089333;-530.3171953;7.3801781;7.9198219;-0.4080931;-0.9129403;-4.3730571;590.0590298;-2.0133604;0.0035646;53.6739572;0.1034947
168.4250826;-532.6979678;7.4632945;7.8367055;-0.3841984;-0.9232505;-4.2334103;595.9568105;-1.991983;0.0035624;53.6854487;0.1111038
173.9969627;-534.9289639;7.5662649;7.7337351;-0.3589747;-0.9333473;-4.060907;601.8487172;-1.9706485;0.00355;53.6989231;0.1577194
179.6224332;-537.0021912;7.6681347;7.6318653;-0.3323768;-0.9431467;-3.8482015;607.7359417;-1.9494217;0.0035263;53.7186823;0.2394715
185.299354;-538.9096569;7.7385012;7.5614988;-0.3043671;-0.9525548;-3.587392;613.620814;-1.9283722;0.0034906;53.7485871;0.3491527
191.0255849;-540.6433686;7.790334;7.509666;-0.27492;-0.9614671;-3.2700155;619.5069536;-1.9075706;0.0034442;53.7917572;0.483589
196.7989835;-542.1953487;7.8435612;7.4564388;-0.2440723;-0.9697571;-2.8874548;625.3995297;-1.8868134;0.0034608;53.850954;0.6411101
202.6167553;-543.5627148;7.8951455;7.4048545;-0.2138211;-0.9768728;-2.4360352;631.3103856;-1.8665358;0.0033388;53.9285164;0.8133256
208.4745056;-544.755074;7.9453612;7.3546388;-0.1854028;-0.9826626;-1.9222028;637.2473375;-1.8466792;0.0032833;54.0250905;0.9725802
214.3675996;-545.7839117;7.9912984;7.3087016;-0.1588751;-0.9872987;-1.3560681;643.2123412;-1.8271313;0.0032373;54.1374412;1.0772335
220.2914021;-546.6607136;8.0338923;7.2661077;-0.1342838;-0.9909429;-0.7484607;649.2053854;-1.8078097;0.0032081;54.2583401;1.1094744
226.241278;-547.3969651;8.0994448;7.2005552;-0.111655;-0.993747;-0.1110128;655.2246692;-1.7886187;0.0031918;54.3805132;1.0984493
232.2125925;-548.0041517;8.1689677;7.1310323;-0.0909985;-0.995851;0.544004;661.2668573;-1.7695123;0.0031802;54.5008903;1.0798447
238.2007103;-548.493759;8.2368059;7.0631941;-0.072312;-0.9973821;1.2040338;667.327373;-1.7504655;0.0031702;54.6188514;1.0593391
244.2009965;-548.8772726;8.2577453;7.0422547;-0.055585;-0.998454;1.8564949;673.400685;-1.7314921;0.0031561;54.7344146;1.040763
250.2088161;-549.1661779;8.1255338;7.1744662;-0.0408028;-0.9991672;2.4890726;679.4805895;-1.7126079;0.003141;54.8477583;1.0228193
256.2195339;-549.3719605;7.9519818;7.3480182;-0.0279508;-0.9996093;3.0897618;685.560441;-1.6938288;0.0031161;54.9589618;1.0056978
262.2287598;-549.5059018;7.7801909;7.5198091;-0.01685;-0.999858;3.6473817;691.6342385;-1.6751489;0.003125;55.0681252;0.9891272
268.2349492;-549.5769111;7.6112943;7.6887057;-0.0069955;-0.9999755;4.1531077;697.7004423;-1.6564174;0.0031227;55.1753006;0.9727367
274.2383932;-549.5923673;7.4448946;7.8551054;0.0016442;-0.9999986;4.5996727;703.7582449;-1.6376927;0.0031215;55.2805127;0.9565582
280.2394134;-549.5596241;7.3451392;7.9548608;0.009065;-0.9999589;4.9800543;709.8069229;-1.6190037;0.0031053;55.3840314;0.9569128
286.2383312;-549.4860351;7.3678106;7.9321894;0.0152635;-0.9998835;5.2879723;715.8460279;-1.6005736;0.0030297;55.4882086;0.9886494
292.2354684;-549.3789538;7.4015521;7.8984479;0.0202375;-0.9997952;5.5194378;721.8755033;-1.5829225;0.002834;55.5966788;1.0603788
298.2311464;-549.2457338;7.4362311;7.8637689;0.0239859;-0.9997123;5.6751019;727.8957071;-1.5670781;0.0024094;55.713839;1.1690202
304.2256868;-549.0937288;7.4714834;7.8285166;0.0265079;-0.9996486;5.7639789;733.9072897;-1.5547438;0.0016595;55.8427781;1.2734139
310.2194113;-548.9302922;7.5069289;7.7930711;0.0278034;-0.9996134;5.8056943;739.9108921;-1.5475019;0.0007636;55.9811937;1.3186794
316.2126414;-548.7627778;7.5401974;7.7598026;0.0278731;-0.9996115;5.8237698;745.9068954;-1.5450059;0.0001215;56.1223933;1.3131815
322.2056985;-548.5985328;7.5688937;7.7311063;0.0267393;-0.9996424;5.8335625;751.8955989;-1.5453521;-0.0001919;56.2620725;1.2941592
328.1988337;-548.4428312;7.5966773;7.7033227;0.0252276;-0.9996817;5.8405714;757.8819339;-1.546593;-0.0002158;56.3993661;1.2758044
334.1921257;-548.295864;7.6238197;7.6761803;0.0238181;-0.9997163;5.8463298;763.8687918;-1.5478017;-0.000183;56.5344282;1.2587042
340.1856276;-548.1570578;7.6507652;7.6492348;0.0225043;-0.9997467;5.8504596;769.8562172;-1.548783;-0.0001464;56.6673675;1.2417642
346.1793922;-548.0258395;7.6778595;7.6221405;0.021286;-0.9997734;5.852318;775.844288;-1.5496065;-0.0001313;56.7982079;1.2248407
352.1734725;-547.9016355;7.7047208;7.5952792;0.0201632;-0.9997967;5.85194;781.8330826;-1.5504006;-0.0001354;56.9269678;1.2080212
358.1679213;-547.7838728;7.7312402;7.5687598;0.0191358;-0.9998169;5.85002;787.8226761;-1.5512526;-0.0001494;57.0536741;1.1913757
364.1627917;-547.6719779;7.7575242;7.5424758;0.0182039;-0.9998343;5.8476115;793.8131399;-1.5521999;-0.0001666;57.1783598;1.1749417
370.1581366;-547.5653775;7.7835633;7.5164367;0.0173675;-0.9998492;5.8458993;799.804542;-1.5532546;-0.0001853;57.3010603;1.1587087
376.1540087;-547.4634983;7.809131;7.490869;0.0166266;-0.9998618;5.8461419;805.7969483;-1.5544338;-0.0002089;57.4218073;1.1425857
382.1504612;-547.3657671;7.8306671;7.4693329;0.0159813;-0.9998723;5.8497918;811.7904245;-1.5557888;-0.0002453;57.5406197;1.1263494
388.1475469;-547.2716104;7.8427438;7.4572562;0.0154315;-0.9998809;5.8587765;817.7850377;-1.5574275;-0.0003048;57.6574878;1.1095942
394.1453187;-547.1804551;7.8523964;7.4476036;0.0149773;-0.9998878;5.8758422;823.7808621;-1.5595085;-0.0003925;57.7723566;1.0918962
400.1438296;-547.0917277;7.8620559;7.4379441;0.0146185;-0.9998931;5.9046708;829.7779871;-1.5621633;-0.0004918;57.8851419;1.0737909
406.1431324;-547.004855;7.8716551;7.4283449;0.0143553;-0.999897;5.9491981;835.7765265;-1.5653057;-0.000544;57.9958777;1.0585484
412.1432801;-546.9192637;7.8809205;7.4190795;0.0141875;-0.9998994;6.0114308;841.7766067;-1.568332;-0.0004347;58.1050021;1.0502736
418.1443257;-546.8343804;7.8898404;7.4101596;0.0141151;-0.9999004;6.0873427;847.7782959;-1.5698121;-7.8e-06;58.2131431;1.0378661
424.146322;-546.7496318;7.8982446;7.4017554;0.0141381;-0.9999001;6.1616575;853.7814935;-1.5675345;0.0008118;58.3188778;0.9756645
430.149322;-546.6644447;7.9062907;7.3937093;0.0142565;-0.9998984;6.2062904;859.7860115;-1.5597994;0.0017516;58.415924;0.8377492
436.1533786;-546.5782457;7.9127966;7.3872034;0.0144702;-0.9998953;6.1894806;865.7920759;-1.5471751;0.002409;58.4976186;0.679896
442.1585447;-546.4904615;7.9200694;7.3799306;0.0147814;-0.9998907;6.0882402;871.8007071;-1.5316247;0.0027449;58.5637616;0.5579076
448.1648718;-546.4005083;7.9269392;7.3730608;0.0152282;-0.999884;5.8908108;877.8136917;-1.5148306;0.0028373;58.618556;0.4802049
454.1719296;-546.3042363;7.9340654;7.3659346;0.0172301;-0.9998516;5.5957806;883.8402629;-1.4973791;0.002952;58.6645898;0.3899161
460.1781062;-546.1887544;7.942502;7.357498;0.0216136;-0.9997664;5.2119352;889.8834495;-1.4795832;0.0029794;58.7035075;0.356344
466.1816124;-546.0398563;7.9519806;7.3480194;0.0283714;-0.9995975;4.7520098;895.9399601;-1.4616542;0.0029997;58.7385002;0.2885597
472.1806587;-545.8433357;7.9621668;7.3378332;0.0375084;-0.9992963;4.2294513;902.0058099;-1.4435815;0.0030282;58.7647254;0.1569804
478.1734556;-545.5849865;7.9729203;7.3270797;0.0490302;-0.9987973;3.6577751;908.076602;-1.4253155;0.003063;58.7761379;-0.0077477
484.1582138;-545.2506025;7.9853127;7.3146873;0.0629398;-0.9980173;3.0505559;914.1478313;-1.4068467;0.0030941;58.7707799;-0.1545672
490.1331439;-544.8259774;7.9616111;7.3383889;0.0792354;-0.9968559;2.4216873;920.2151715;-1.3882227;0.0031138;58.7517636;-0.2461703
496.0964564;-544.2969049;7.9168025;7.3831975;0.0979059;-0.9951957;1.7855548;926.2747818;-1.3695258;0.0031177;58.7211339;-0.5772598
502.0463619;-543.649179;7.8728936;7.4271064;0.1189278;-0.9929029;1.1570206;932.3236577;-1.3508392;0.0031147;58.6420473;-1.2424455
507.981071;-542.8685933;7.8291399;7.4708601;0.1422672;-0.9898283;0.5508508;938.3600597;-1.3321184;0.0031482;58.4964563;-1.7581322
513.8986575;-541.9417053;7.8058023;7.4941977;0.1672947;-0.9859069;-0.0207007;944.3837498;-1.3130558;0.0031713;58.3062521;-1.9988954
519.7956052;-540.8639493;7.8257175;7.4742825;0.192234;-0.9813491;-0.5535719;950.3948555;-1.2939629;0.0032055;58.0971556;-2.0729075
525.6673722;-539.636487;7.855237;7.444763;0.2169614;-0.9761802;-1.0493324;956.3939162;-1.2746125;0.0032456;57.8814269;-2.1211617
531.5093992;-538.2605756;7.8848809;7.4151191;0.2414863;-0.9704042;-1.5097875;962.3813707;-1.255046;0.0032776;57.6587217;-2.211923
537.3171272;-536.7374723;7.9126763;7.3873237;0.2658205;-0.9640226;-1.9362882;968.3574857;-1.2353046;0.0033045;57.4242935;-2.3373406
543.0859969;-535.0684341;7.936932;7.363068;0.2899757;-0.957034;-2.3298305;974.3223996;-1.2154097;0.0033293;57.1756142;-2.456633
548.8114494;-533.2547182;7.9605626;7.3394374;0.3139632;-0.9494351;-2.6911695;980.2761618;-1.1953663;0.0033543;56.9144037;-2.535985
554.4889254;-531.2975818;7.9770677;7.3229323;0.3377933;-0.9412203;-3.020891;986.2187629;-1.1751708;0.00338;56.6452217;-2.5657024
560.1138658;-529.1982821;7.9284797;7.3715203;0.3614753;-0.9323817;-3.3194359;992.15016;-1.1548187;0.0034064;56.3729726;-2.5568539
565.6817116;-526.9580762;7.8625736;7.4374264;0.3850168;-0.9229096;-3.5870956;998.0703015;-1.1343079;0.0034327;56.1011231;-2.5277317
571.1879222;-524.5782323;7.795288;7.504712;0.4084003;-0.9128029;-3.8241262;1003.9792626;-1.1135993;0.003465;55.831377;-2.4894678
576.6290784;-522.0606866;7.7997203;7.5002797;0.4313149;-0.9022014;-4.0317062;1009.8792008;-1.0927744;0.0034828;55.5647433;-2.4374038
582.0034981;-519.4084104;7.8519476;7.4480524;0.4536566;-0.8911766;-4.212325;1015.7726251;-1.0718109;0.0035076;55.3032059;-2.3523051
587.3096489;-516.6244636;7.9052917;7.3947083;0.4754266;-0.8797554;-4.3687672;1021.6614619;-1.0506975;0.0035326;55.051085;-2.2101501
592.5459981;-513.7119065;7.9575725;7.3424275;0.4966267;-0.8679642;-4.5038012;1027.5473596;-1.0294378;0.0035559;54.8153046;-2.0057189
597.7110133;-510.6737992;7.9291562;7.3708438;0.5172611;-0.8558277;-4.6201091;1033.4316964;-1.0080514;0.0035742;54.6029944;-1.7552553
602.8031619;-507.5132019;7.8262381;7.4737619;0.5373354;-0.8433686;-4.7201704;1039.3155954;-0.9865831;0.0035825;54.4184325;-1.5004668
607.8209113;-504.2331746;7.7244589;7.5755411;0.5568571;-0.8306083;-4.8061058;1045.1999438;-0.9651043;0.0035775;54.2609826;-1.2751387
612.762729;-500.8367777;7.6536291;7.6463709;0.5758349;-0.817566;-4.8795706;1051.0854168;-0.9436879;0.0035631;54.1279371;-1.0522387
617.6270824;-497.3270711;7.6364118;7.6635882;0.5942784;-0.8042594;-4.9418562;1056.9725032;-0.9223576;0.0035508;54.0229506;-0.7281814
622.4124391;-493.707115;7.6214836;7.6785164;0.6121986;-0.7907041;-4.9942193;1062.8615251;-0.9010754;0.0035464;53.9614084;-0.2451921
627.1172663;-489.9799697;7.6121399;7.6878601;0.6296066;-0.7769141;-5.0380741;1068.7526473;-0.8798206;0.0035392;53.952331;0.0927823
631.7400317;-486.1486951;7.6054981;7.6945019;0.6465145;-0.7629017;-5.0747341;1074.6458821;-0.8586311;0.0035269;53.964816;0.1366681
636.2792025;-482.2163516;7.575676;7.724324;0.6629347;-0.7486772;-5.105273;1080.5411036;-0.8445402;0.0035216;53.9753058;0.1469264
640.7332464;-478.1859991;7.5032002;7.7967998;0.6788796;-0.7342496;-5.1308068;1086.4380599;-0.8234262;0.0035202;53.9913457;0.1306307
645.1006307;-474.060698;7.44112;7.85888;0.6943619;-0.719626;-5.1526147;1092.3363798;-0.8022983;0.0035256;54.0046144;0.0917797
649.3798229;-469.8435082;7.4945502;7.8054498;0.709394;-0.7048121;-5.1720844;1098.2355769;-0.7811282;0.0035335;54.0133753;0.051982
653.5692905;-465.53749;7.5847682;7.7152318;0.7239885;-0.689812;-5.1905708;1104.1350564;-0.7599143;0.0035397;54.0181824;0.0286526
657.6675008;-461.1457036;7.6900769;7.6099231;0.7381575;-0.6746284;-5.2092575;1110.0341249;-0.7386756;0.0035415;54.0211694;0.0290216
661.6729214;-456.6712089;7.8199378;7.4800622;0.7519128;-0.6592626;-5.2290756;1115.9320018;-0.7174404;0.0035387;54.0249033;0.049701
665.5840196;-452.1170663;7.952886;7.347114;0.7652662;-0.6437139;-5.2506888;1121.8278277;-0.6962336;0.0035329;54.0313032;0.0793889
669.3992491;-447.4863179;8.0885175;7.2114825;0.7782492;-0.6279555;-5.2743875;1127.7205152;-0.6751196;0.0035176;54.0409263;0.1040238
673.1162262;-442.7809294;8.2260341;7.0739659;0.7911303;-0.6116477;-5.2990268;1133.6071877;-0.6539998;0.0035204;54.0528681;0.1133939
676.7312711;-438.0011989;8.2782705;7.0217295;0.8039739;-0.5946646;-5.3217294;1139.4871227;-0.6328899;0.0035189;54.0653346;0.1063347
680.2405922;-433.1472811;8.1419154;7.1580846;0.8167512;-0.57699;-5.3392981;1145.3606427;-0.611781;0.0035201;54.0766376;0.089796
683.640398;-428.2193308;8.0015261;7.2984739;0.8294318;-0.558608;-5.3486013;1151.2283488;-0.5906611;0.0035223;54.0860012;0.0733043
686.926897;-423.2175026;7.8572545;7.4427455;0.8419827;-0.5395045;-5.3465389;1157.0911491;-0.5695301;0.0035235;54.0937506;0.0649927
690.0962976;-418.1419513;7.8905533;7.4094467;0.8543681;-0.5196684;-5.3299933;1162.9502786;-0.5483974;0.0035227;54.1010196;0.0687609
693.1448085;-412.9928316;8.0224413;7.2775587;0.8665496;-0.499091;-5.2958012;1168.8073205;-0.5272769;0.0035196;54.1092058;0.0838224
696.0686381;-407.7702982;8.1445237;7.1554763;0.8784864;-0.4777674;-5.2407589;1174.664227;-0.5061798;0.0035151;54.119455;0.1062094
698.8639949;-402.4745059;8.1422177;7.1577823;0.8901354;-0.4556961;-5.1616545;1180.5233372;-0.4921309;0.0035122;54.1277597;0.1254673
701.5270874;-397.1056093;7.9730373;7.3269627;0.9014528;-0.4328774;-5.055335;1186.387379;-0.4710705;0.0035184;54.1426104;0.1525052
704.0543175;-391.6642391;7.7617444;7.5382556;0.912296;-0.4095314;-4.919307;1192.2602938;-0.449995;0.0035016;54.1605111;0.1837638
706.4433716;-386.1541879;7.5468204;7.7531796;0.9224902;-0.3860205;-4.7529912;1198.1445;-0.4290349;0.003488;54.1821803;0.2286821
708.69246;-380.580537;7.4107847;7.8892153;0.9320456;-0.3623409;-4.5566291;1204.0393359;-0.4081704;0.0034674;54.2095438;0.3016644
710.7997943;-374.9483717;7.3993167;7.9006833;0.9409743;-0.338478;-4.3300434;1209.9440718;-0.3874669;0.0034337;54.2461463;0.4173615
712.7635863;-369.2627773;7.425937;7.874063;0.9492857;-0.3144149;-4.0723857;1215.8580178;-0.3670145;0.0033835;54.2969203;0.5808623
714.5820476;-363.528839;7.4907126;7.8092874;0.956986;-0.290134;-3.7820356;1221.7805838;-0.3469103;0.0033185;54.3667035;0.7723196
716.25339;-357.751642;7.591082;7.708918;0.9640788;-0.2656165;-3.4566708;1227.7113329;-0.3272164;0.0032489;54.4571532;0.9399446
717.7758252;-351.9362716;7.7171966;7.5828034;0.9705641;-0.2408431;-3.0936212;1233.6500129;-0.307909;0.0031918;54.5638542;1.0311382
719.1475649;-346.0878131;7.8542739;7.4457261;0.9764389;-0.2157939;-2.690393;1239.5965568;-0.288881;0.003156;54.6779223;1.0450507
720.3668208;-340.2113517;7.9783998;7.3216002;0.981697;-0.1904493;-2.2449391;1245.5510753;-0.2700237;0.0031322;54.7922346;1.0350635
721.4318217;-334.3119516;8.0690361;7.2309639;0.9863255;-0.1648091;-1.7555388;1251.5139265;-0.2512386;0.0031287;54.9049683;1.0176302
722.3418178;-328.3934248;8.1083867;7.1916133;0.9902749;-0.1391243;-1.2213921;1257.4873286;-0.2324968;0.003123;55.0155429;1.0007928
723.0976413;-322.4576427;8.0737417;7.2262583;0.9935371;-0.1135076;-0.6428665;1263.475056;-0.2137685;0.003122;55.1240929;0.984531
723.7002605;-316.5063105;8.0155786;7.2844214;0.9961213;-0.0879911;-0.020696;1269.4806996;-0.1950386;0.0031234;55.2306467;0.967754
724.1506437;-310.541133;7.9386138;7.3613862;0.9980383;-0.0626059;0.6442031;1275.5076525;-0.1762961;0.0031259;55.335181;0.9509166
724.449759;-304.5638152;7.8595134;7.4404866;0.9993011;-0.0373818;1.3503167;1281.5590478;-0.1572381;0.003278;55.4377065;0.9339364
724.6038524;-298.5761661;7.7746963;7.5253037;0.9998877;-0.0149876;2.0882564;1287.6319478;-0.1381871;0.0031363;55.5382287;0.9175033
724.6402612;-292.5804099;7.679795;7.620205;0.9999981;0.0019278;2.8307144;1293.7146529;-0.1193969;0.0031296;55.636789;0.9013456
724.59159;-286.5788746;7.5930871;7.7069129;0.9999105;0.013381;3.5436028;1299.7945961;-0.1006663;0.0031161;55.7334354;0.8856905
724.4904437;-280.5738882;7.5121991;7.7878009;0.9998119;0.0193939;4.1932608;1305.8583956;-0.0820286;0.0030993;55.8282382;0.8737187
724.3694272;-274.5677789;7.4362233;7.8637767;0.9998009;0.0199549;4.7475645;1311.8935661;-0.0637435;0.0029287;55.9221547;0.8849835
724.2577521;-268.5626351;7.4113938;7.8886062;0.9998523;0.0171879;5.1829463;1317.9018715;-0.0460979;0.0029597;56.017963;0.926526
724.1620958;-262.5589559;7.4481111;7.8518889;0.9998914;0.0147369;5.4967929;1323.9015205;-0.0289431;0.0027343;56.1191685;1.0066519
724.0799508;-256.5565919;7.4855774;7.8144226;0.9999193;0.0127009;5.7002123;1329.8965622;-0.0137791;0.0022802;56.2298078;1.1161483
724.0087828;-250.5553922;7.5247047;7.7752953;0.9999386;0.0110855;5.8129555;1335.8899806;-0.002186;0.0015503;56.351916;1.2113498
723.9460572;-244.5552056;7.5633614;7.7366386;0.9999511;0.0098915;5.8633605;1341.8837486;0.0047235;0.000776;56.4823267;1.2497631
723.8892398;-238.5558812;7.6024742;7.6975258;0.9999584;0.0091193;5.880249;1347.878834;0.0077705;0.0002952;56.6149946;1.2463995
723.835796;-232.5572678;7.6416975;7.6583025;0.9999616;0.0087691;5.8826873;1353.8756267;0.0089516;0.0001374;56.7464891;1.2311856
723.7831915;-226.5592145;7.68096;7.61904;0.9999609;0.0088411;5.8789407;1359.8743357;0.0097562;0.0001438;56.8759994;1.2143496
723.7288918;-220.5615701;7.7200556;7.5799444;0.9999564;0.0093354;5.8715801;1365.8751347;0.0107294;0.0001793;57.0034378;1.1975315
723.6703626;-214.5641835;7.7589225;7.5410775;0.9999475;0.0102514;5.862024;1371.8781884;0.0118557;0.0001916;57.1288383;1.1811904
723.6050878;-208.5669047;7.7973366;7.5026634;0.9999332;0.0115616;5.8522634;1377.883505;0.0130263;0.0001895;57.2522649;1.1653783
723.531651;-202.5696393;7.8355505;7.4644495;0.9999166;0.0129124;5.8439511;1383.8891264;0.0140815;0.0001656;57.3737846;1.1498989
723.4503392;-196.5723793;7.8587055;7.4412945;0.9998993;0.0141892;5.8375763;1389.8943992;0.0150267;0.0001501;57.4934361;1.134601
723.3615857;-190.5751241;7.8561481;7.4438519;0.9998815;0.0153936;5.8332548;1395.8993417;0.0158906;0.0001384;57.6112505;1.1195007
723.2658236;-184.577873;7.8489201;7.4510799;0.9998634;0.0165256;5.8309735;1401.903961;0.0166921;0.0001291;57.7272603;1.1046146
723.1634865;-178.5806256;7.841292;7.458708;0.9998454;0.0175854;5.8306366;1407.9082619;0.017441;0.0001207;57.8414991;1.0899534
723.0550075;-172.5833812;7.8331879;7.4668121;0.9998275;0.0185729;5.8321141;1413.9122472;0.0181405;0.0001126;57.9540006;1.0755179
722.9408198;-166.5861392;7.8254766;7.4745234;0.9998101;0.0194882;5.8352644;1419.9159173;0.018792;0.0001047;58.0647984;1.0613041
722.8213569;-160.5888991;7.8176311;7.4823689;0.9997933;0.0203312;5.8399367;1425.9192711;0.0193973;9.72e-05;58.173925;1.0473067
722.697052;-154.5916602;7.8096207;7.4903793;0.9997773;0.0211019;5.8459669;1431.9223056;0.0199589;9.01e-05;58.2814119;1.0335216
722.5683384;-148.594422;7.8014805;7.4985195;0.9997623;0.0218004;5.853175;1437.9250162;0.0204794;8.35e-05;58.38729;1.0199452
722.4356494;-142.5971838;7.7931701;7.5068299;0.9997485;0.0224267;5.8613653;1443.9273969;0.0209615;7.73e-05;58.4915895;1.0065742
722.2994183;-136.5999452;7.7847163;7.5152837;0.9997359;0.0229808;5.8703277;1449.9294402;0.0214074;7.14e-05;58.5943397;0.9934051
722.1600783;-130.6027054;7.7761594;7.5238406;0.9997247;0.0234627;5.8798398;1455.9311377;0.021819;6.59e-05;58.6955694;0.9804345
722.0180628;-124.605464;7.7674729;7.5325271;0.999715;0.0238723;5.8896677;1461.9324798;0.0221981;6.06e-05;58.7953066;0.967659
721.8738051;-118.6082202;7.7587588;7.5412412;0.9997069;0.0242098;5.8995672;1467.9334561;0.0225465;5.56e-05;58.8935788;0.9550752
721.7277383;-112.6109737;7.7499525;7.5500475;0.9997004;0.024475;5.9092846;1473.9340557;0.0228656;5.08e-05;58.9904128;0.9426797
721.5802959;-106.6137236;7.741094;7.558906;0.9996957;0.0246681;5.9185577;1479.9342672;0.0231569;4.63e-05;59.0858347;0.930469
721.4319112;-100.6164695;7.7321701;7.5678299;0.9996927;0.024789;5.9271163;1485.9340789;0.0234215;4.2e-05;59.17987;0.9184399
721.2830173;-94.6192108;7.7221689;7.5778311;0.9996915;0.0248377;5.9346832;1491.9334793;0.0236607;3.78e-05;59.2725437;0.9065891
721.1340477;-88.6219469;7.7131248;7.5868752;0.9996921;0.0248142;5.9409751;1497.9324569;0.0238751;3.36e-05;59.3638801;0.8949183
720.9854263;-82.6246771;7.7041344;7.5958656;0.9996942;0.0247278;5.9457345;1503.9310562;0.0240594;2.94e-05;59.4539036;0.8834108
720.8373635;-76.6274014;7.6951442;7.6048558;0.9996965;0.0246342;5.9488897;1509.9296032;0.0242272;2.62e-05;59.5426363;0.8720724
720.6898566;-70.6301198;7.6861787;7.6138213;0.9996988;0.0245426;5.9505557;1515.9281536;0.0243735;2.26e-05;59.6301011;0.8609007
720.5428933;-64.6328325;7.6772489;7.6227511;0.999701;0.024453;5.9508754;1521.9267081;0.0244981;1.9e-05;59.7163202;0.8498909
720.3964615;-58.6355397;7.6683531;7.6316469;0.9997031;0.0243654;5.9499901;1527.9252672;0.0246013;1.54e-05;59.8013151;0.8390399
720.2505491;-52.6382416;7.6594954;7.6405046;0.9997052;0.0242799;5.948039;1533.9238315;0.0246835;1.2e-05;59.8851068;0.8283449
720.1051438;-46.6409382;7.6506727;7.6493273;0.9997072;0.0241964;5.9451564;1539.9224012;0.024746;8.9e-06;59.967716;0.817803
719.9602335;-40.6436299;7.6418478;7.6581522;0.9997092;0.0241149;5.9414643;1545.9209768;0.0247915;6.4e-06;60.0491627;0.8074116
719.8158061;-34.6463167;7.6385947;7.6614053;0.9997111;0.0240355;5.9370639;1551.9195584;0.0248239;4.6e-06;60.1294666;0.7971683
719.6718494;-28.6489988;7.6392744;7.6607256;0.999713;0.0239581;5.9320299;1557.9181463;0.0248478;3.5e-06;60.2086469;0.7870709
719.5283512;-22.6516764;7.6391753;7.6608247;0.9997148;0.0238827;5.9264121;1563.9167406;0.0248669;2.9e-06;60.2867226;0.7771169
719.3852995;-16.6543497;7.6400468;7.6599532;0.9997165;0.0238093;5.9202429;1569.9153416;0.0248834;2.6e-06;60.3637122;0.7673041
719.2426819;-10.6570188;7.639962;7.660038;0.9997182;0.0237379;5.9135463;1575.9139495;0.0248982;2.4e-06;60.4396336;0.75763
719.1004864;-4.6596838;7.640902;7.659098;0.9997199;0.0236686;5.9063438;1581.9125644;0.0249116;2.1e-06;60.5145047;0.7480922
718.9587008;1.3376549;7.6414866;7.6585134;0.9997214;0.0236013;5.8986562;1587.9111866;0.0249235;1.9e-06;60.5883427;0.7386883
718.817313;7.3349974;7.641657;7.658343;0.999723;0.0235361;5.8905042;1593.9098161;0.0249341;1.6e-06;60.6611647;0.7294162
718.6763107;13.3323433;7.642514;7.657486;0.9997245;0.0234728;5.8819078;1599.9084532;0.0249434;1.5e-06;60.7329871;0.7202734
718.5356819;19.3296926;7.6435496;7.6564504;0.9997259;0.0234116;5.8728862;1605.9070979;0.0249515;1.3e-06;60.8038263;0.711258
718.3954143;25.3270451;7.643628;7.656372;0.9997273;0.0233524;5.8634577;1611.9057505;0.0249587;1.1e-06;60.8736982;0.7023676
718.2554959;31.3244005;7.6448079;7.6551921;0.9997286;0.0232953;5.8536398;1617.9044109;0.0249651;1e-06;60.9426183;0.6936003
718.1159144;37.3217588;7.6454545;7.6545455;0.9997299;0.0232401;5.8434497;1623.9030794;0.0249707;9e-07;61.010602;0.684954
717.9766577;43.3191198;7.6461333;7.6538667;0.9997311;0.023187;5.8329037;1629.901756;0.0249755;8e-07;61.0776641;0.6764267
717.8377137;49.3164833;7.6472432;7.6527568;0.9997323;0.0231359;5.8220182;1635.9004409;0.0249798;7e-07;61.1438194;0.6680163
717.6990701;55.3138491;7.6481832;7.6518168;0.9997335;0.0230869;5.8108088;1641.8991341;0.0249834;6e-07;61.2090821;0.6597211
717.5607149;61.3112171;7.6485157;7.6514843;0.9997345;0.0230398;5.799291;1647.8978357;0.0249866;5e-07;61.2734664;0.6515391
717.4226358;67.3085871;7.6496759;7.6503241;0.9997356;0.0229948;5.7874799;1653.8965458;0.0249892;4e-07;61.3369861;0.6434685
717.2848207;73.3059589;7.6500618;7.6499382;0.9997366;0.0229519;5.7753904;1659.8952645;0.0249915;3e-07;61.3996546;0.6355075
717.1472574;79.3033324;7.6510405;7.6489595;0.9997375;0.0229109;5.7630371;1665.8939919;0.0249933;3e-07;61.4614853;0.6276544
717.0099339;85.3007074;7.6520567;7.6479433;0.9997384;0.022872;5.7504344;1671.8927279;0.0249948;2e-07;61.522491;0.6199073
716.8728379;91.2980837;7.6524657;7.6475343;0.9997392;0.0228351;5.7375966;1677.8914727;0.0249959;2e-07;61.5826847;0.6122647
716.7359572;97.2954612;7.6536971;7.6463029;0.99974;0.0228002;5.7245375;1683.8902263;0.0249968;1e-07;61.6420786;0.6047249
716.5992798;103.2928397;7.6549413;7.6450587;0.9997408;0.0227674;5.7112711;1689.8889888;0.0249973;1e-07;61.7006852;0.5972861
716.4627934;109.290219;7.6552061;7.6447939;0.9997415;0.0227365;5.6978112;1695.8877602;0.0249976;0.0;61.7585164;0.589947
716.3264858;115.2875989;7.6564652;7.6435348;0.9997421;0.0227077;5.6841712;1701.8865405;0.0249977;-0.0;61.815584;0.5827059
716.1903451;121.2849794;7.6573517;7.6426483;0.9997428;0.022681;5.6703648;1707.8853299;0.0249976;-0.0;61.8718997;0.5755612
716.0543589;127.2823602;7.6580325;7.6419675;0.9997433;0.0226562;5.6564051;1713.8841282;0.0249973;-1e-07;61.9274747;0.5685115
715.9185151;133.2797411;7.659331;7.640669;0.9997438;0.0226335;5.6423056;1719.8829357;0.0249968;-1e-07;61.9823201;0.5615553
715.7828016;139.2771221;7.6606373;7.6393627;0.9997443;0.0226128;5.6280794;1725.8817522;0.0249961;-1e-07;62.0364471;0.5546912
715.6472062;145.2745028;7.6608887;7.6391113;0.9997447;0.0225942;5.6137397;1731.8805778;0.0249953;-1e-07;62.0898662;0.5479178
715.5117167;151.2718833;7.6619314;7.6380686;0.9997451;0.0225775;5.5992994;1737.8794125;0.0249944;-2e-07;62.142588;0.5412337
715.376321;157.2692632;7.6626229;7.6373771;0.9997454;0.0225629;5.5847716;1743.8782565;0.0249933;-2e-07;62.1946229;0.5346374
715.2410069;163.2666424;7.663512;7.636488;0.9997457;0.0225503;5.5701692;1749.8771095;0.024992;-2e-07;62.245981;0.5281278
715.1057623;169.2640208;7.664841;7.635159;0.9997459;0.0225398;5.5555051;1755.8759718;0.0249907;-2e-07;62.2966723;0.5217035
714.970575;175.2613981;7.6656226;7.6343774;0.9997461;0.0225312;5.5407922;1761.8748433;0.0249892;-3e-07;62.3467066;0.5153632
714.8354329;181.2587743;7.6669695;7.6330305;0.9997463;0.0225247;5.5260434;1767.8737241;0.0249877;-3e-07;62.3960935;0.5091056
714.7003237;187.2561492;7.668317;7.631683;0.9997464;0.0225203;5.5112713;1773.8726141;0.024986;-3e-07;62.4448425;0.5029295
714.5652354;193.2535225;7.6688663;7.6311337;0.9997464;0.0225178;5.4964888;1779.8715133;0.0249842;-3e-07;62.4929629;0.4968338
714.4301557;199.2508941;7.670007;7.629993;0.9997465;0.0225174;5.4817087;1785.8704218;0.0249823;-3e-07;62.5404637;0.4908172
714.2950726;205.2482639;7.6711495;7.6288505;0.9997464;0.022519;5.4669438;1791.8693397;0.0249803;-3e-07;62.587354;0.4848785
714.1599738;211.2456317;7.6717129;7.6282871;0.9997463;0.0225226;5.4522068;1797.8682668;0.0249783;-4e-07;62.6336425;0.4790166
714.0248472;217.2429973;7.6731081;7.6268919;0.9997462;0.0225283;5.4375105;1803.8672032;0.0249761;-4e-07;62.6793379;0.4732304
713.8896807;223.2403605;7.6736674;7.6263326;0.999746;0.022536;5.4228676;1809.866149;0.0249738;-4e-07;62.7244488;0.4675188
713.754462;229.2377212;7.6748271;7.6251729;0.9997458;0.0225457;5.4082911;1815.8651042;0.0249714;-4e-07;62.7689834;0.4618806
713.619179;235.2350793;7.6764001;7.6235999;0.9997455;0.0225574;5.3937936;1821.8640687;0.0249689;-4e-07;62.81295;0.4563149
713.4838197;241.2324344;7.67771;7.62229;0.9997452;0.0225711;5.3793881;1827.8630426;0.0249662;-4e-07;62.8563566;0.4508205
713.3483717;247.2297866;7.6781557;7.6218443;0.9997449;0.0225869;5.3650874;1833.862026;0.0249635;-5e-07;62.8992112;0.4453965
713.2128229;253.2271355;7.6793499;7.6206501;0.9997445;0.0226047;5.3509045;1839.8610188;0.0249606;-5e-07;62.9415216;0.4400418
713.0771613;259.2244811;7.6797163;7.6202837;0.999744;0.0226246;5.3368523;1845.860021;0.0249576;-5e-07;62.9832955;0.4347555
712.9413746;265.2218232;7.6810852;7.6189148;0.9997435;0.0226465;5.3229438;1851.8590328;0.0249544;-5e-07;63.0245404;0.4295365
712.8054506;271.2191616;7.6824484;7.6175516;0.999743;0.0226703;5.3091922;1857.858054;0.0249511;-6e-07;63.0652637;0.4243839
712.6693773;277.2164961;7.6831903;7.6168097;0.9997424;0.0226963;5.2956106;1863.8570849;0.0249476;-6e-07;63.1054728;0.4192968
712.5331424;283.2138266;7.6841183;7.6158817;0.9997418;0.0227242;5.2822122;1869.8561253;0.0249439;-6e-07;63.1451748;0.4142742
712.3967338;289.2111529;7.6854357;7.6145643;0.9997411;0.0227542;5.2690104;1875.8551754;0.02494;-7e-07;63.1843767;0.4093152
712.2601393;295.2084748;7.6857603;7.6142397;0.9997404;0.0227862;5.2560185;1881.8542351;0.0249359;-7e-07;63.2230855;0.4044189
712.1233468;301.2057922;7.687078;7.612922;0.9997396;0.0228202;5.2432503;1887.8533046;0.0249315;-7e-07;63.2613081;0.3995845
711.9863442;307.2031049;7.687785;7.612215;0.9997388;0.0228562;5.2307193;1893.8523839;0.0249269;-8e-07;63.2990511;0.394811
711.8491192;313.2004128;7.6886969;7.6113031;0.9997379;0.0228943;5.2184393;1899.851473;0.024922;-8e-07;63.3363212;0.3900977
711.7116597;319.1977156;7.6899973;7.6100027;0.999737;0.0229344;5.2064243;1905.850572;0.0249168;-9e-07;63.3731248;0.3854437
711.5739535;325.1950132;7.6910824;7.6089176;0.999736;0.0229766;5.1946886;1911.849681;0.0249112;-1e-06;63.4094684;0.3808481
711.4359885;331.1923054;7.6915728;7.6084272;0.999735;0.0230207;5.1832463;1917.8488;0.0249053;-1e-06;63.4453583;0.3763101
711.2977526;337.1895921;7.6928474;7.6071526;0.9997339;0.0230669;5.1721122;1923.8479292;0.0248989;-1.1e-06;63.4808006;0.3718291
711.1592335;343.1868731;7.6933048;7.6066952;0.9997328;0.0231151;5.161301;1929.8470685;0.0248921;-1.2e-06;63.5158014;0.367404
711.0204191;349.1841482;7.6943569;7.6056431;0.9997316;0.0231653;5.1508279;1935.8462182;0.0248848;-1.3e-06;63.5503669;0.3630343
710.8812973;355.1814173;7.695582;7.604418;0.9997304;0.0232176;5.1407082;1941.8453782;0.0248769;-1.4e-06;63.5845027;0.3587191
710.7418558;361.1786802;7.696387;7.603613;0.9997292;0.0232719;5.1309576;1947.8445488;0.0248684;-1.5e-06;63.6182149;0.3544577
710.6020826;367.1759367;7.69704;7.60296;0.9997279;0.0233282;5.1215923;1953.8437299;0.0248592;-1.6e-06;63.651509;0.3502494
710.4619655;373.1731867;7.6982687;7.6017313;0.9997265;0.0233865;5.1126289;1959.8429218;0.0248492;-1.7e-06;63.6843908;0.3460933
710.3214923;379.17043;7.6984624;7.6015376;0.9997251;0.0234469;5.1040844;1965.8421245;0.0248384;-1.9e-06;63.7168657;0.3419889
710.1806508;385.1676664;7.6996403;7.6003597;0.9997236;0.0235093;5.0959764;1971.8413382;0.0248266;-2e-06;63.7489393;0.3379354
710.0394289;391.1648957;7.7003818;7.5996182;0.9997221;0.0235737;5.0883231;1977.8405631;0.0248138;-2.2e-06;63.7806169;0.3339321
709.8978145;397.1621179;7.7009152;7.5990848;0.9997205;0.0236401;5.0811433;1983.8397992;0.0247998;-2.4e-06;63.8119038;0.3299784
709.7557954;403.1593326;7.7020221;7.5979779;0.9997189;0.0237086;5.0744567;1989.8390468;0.0247846;-2.7e-06;63.8428052;0.3260735
709.6133593;409.1565399;7.7030152;7.5969848;0.9997172;0.0237791;5.0682839;1995.8383061;0.0247678;-2.9e-06;63.8733262;0.3222169
709.4704943;415.1537394;7.7031098;7.5968902;0.9997155;0.0238517;5.0626458;2001.8375776;0.0247498;-2.9e-06;63.9034719;0.3184074
709.3271968;421.1509312;7.7041728;7.5958272;0.9997139;0.0239209;5.05755;2007.8368336;0.0247308;-3.5e-06;63.9332473;0.3146456
709.183522;427.1481167;7.7046024;7.5953976;0.9997125;0.0239772;5.0529579;2013.8360263;0.0247085;-3.9e-06;63.9626573;0.3109297
709.0395488;433.1452978;7.7052394;7.5947606;0.9997115;0.0240204;5.0488059;2019.8351547;0.024684;-4.3e-06;63.9917067;0.3072595
708.8953562;439.1424763;7.7062475;7.5937525;0.9997107;0.0240504;5.0450298;2025.834219;0.0246568;-4.8e-06;64.0204002;0.3036342
708.7510231;445.1396542;7.7070286;7.5929714;0.9997103;0.0240672;5.0415672;2031.8332193;0.0246267;-5.3e-06;64.0487426;0.3000534
708.6066286;451.1368334;7.7072353;7.5927647;0.9997103;0.0240708;5.038358;2037.8321557;0.0245933;-5.9e-06;64.0767384;0.2965163
708.4622517;457.1340157;7.708236;7.591764;0.9997105;0.0240613;5.0353446;2043.8310285;0.0245562;-6.5e-06;64.1043922;0.2930225
708.3179712;463.131203;7.7084592;7.5915408;0.999711;0.0240386;5.032472;2049.8298376;0.0245148;-7.3e-06;64.1317085;0.2895713
708.1738663;469.1283973;7.708625;7.591375;0.9997119;0.0240028;5.0296885;2055.8285831;0.0244687;-8.1e-06;64.1586916;0.2861621
708.030016;475.1256004;7.7095188;7.5904812;0.9997131;0.0239537;5.0269462;2061.8272653;0.0244171;-9.1e-06;64.1853459;0.2827942
707.8864991;481.1228143;7.7097449;7.5902551;0.9997146;0.0238915;5.0242011;2067.8258842;0.0243593;-1.02e-05;64.2116756;0.2794672
707.7433947;487.1200408;7.7107146;7.5892854;0.9997164;0.0238162;5.0214142;2073.8244398;0.0242946;-1.14e-05;64.237685;0.2761804
707.6007818;493.1172818;7.7116703;7.5883297;0.9997185;0.0237277;5.0185516;2079.8229324;0.0242219;-1.28e-05;64.2633782;0.2729331
707.4587394;499.1145393;7.7116226;7.5883774;0.9997209;0.023626;5.0155858;2085.8213622;0.0241401;-1.44e-05;64.2887591;0.2697247
707.3173465;505.111815;7.712579;7.587421;0.9997236;0.0235111;5.0124963;2091.8197292;0.0240482;-1.63e-05;64.3138319;0.2665546
707.176682;511.109111;7.7131249;7.5868751;0.9997266;0.0233831;5.0092701;2097.8180337;0.0239446;-1.83e-05;64.3386004;0.263422
707.0368249;517.1064291;7.7135188;7.5864812;0.9997299;0.0232419;5.0059037;2103.816276;0.0238278;-2.07e-05;64.3630684;0.2603261
706.8978543;523.1037712;7.7145106;7.5854894;0.9997334;0.0230875;5.0024031;2109.8144564;0.023696;-2.33e-05;64.3872397;0.2572662
706.7598491;529.1011392;7.7145188;7.5854812;0.9997373;0.02292;4.9987865;2115.8125751;0.0235472;-2.64e-05;64.411118;0.2542412
706.6228883;535.098535;7.7155479;7.5844521;0.9997414;0.0227393;4.9950853;2121.8106326;0.0233789;-2.98e-05;64.4347067;0.25125
706.487051;541.0959605;7.7165983;7.5834017;0.9997458;0.0225454;4.9913475;2127.8086291;0.0231882;-3.39e-05;64.4580093;0.2482911
706.352416;547.0934176;7.7170522;7.5829478;0.9997505;0.0223384;4.9876419;2133.8065651;0.0229712;-3.86e-05;64.4810292;0.2453623
706.2190624;553.0909082;7.7103843;7.5896157;0.9997554;0.0221182;4.9840633;2139.804441;0.0227231;-4.43e-05;64.5037692;0.242461
706.0870691;559.0884341;7.6966012;7.6033988;0.9997605;0.0218848;4.98074;2145.8022571;0.0224379;-5.1e-05;64.5262323;0.2395838
705.9565153;565.0859973;7.6811184;7.6188816;0.9997659;0.0216383;4.9778399;2151.8000139;0.0221086;-5.9e-05;64.5484207;0.2367268
705.8274797;571.0835997;7.6666941;7.6333059;0.9997715;0.0213786;4.9755748;2157.7977119;0.0217277;-6.82e-05;64.5703366;0.2338865
705.7000416;577.0812432;7.652302;7.647698;0.9997772;0.0211057;4.9741999;2163.7953515;0.0212883;-7.85e-05;64.5919817;0.2310596
705.5742797;583.0789296;7.6371272;7.6628728;0.9997832;0.0208197;4.9740104;2169.7929333;0.0207838;-8.99e-05;64.6133574;0.2282408
705.4502732;589.0766609;7.6226633;7.6773367;0.9997894;0.0205204;4.9753437;2175.7904578;0.0202063;-0.0001031;64.6344645;0.2254128
705.328101;595.074439;7.6084413;7.6915587;0.9997958;0.0202081;4.9786103;2181.787926;0.0195393;-0.0001203;64.6553011;0.2225223
705.2078421;601.0722657;7.5942866;7.7057134;0.9998023;0.0198825;4.9843873;2187.785339;0.0187446;-0.0001467;64.675859;0.2194275
705.0895754;607.070143;7.5794878;7.7205122;0.999809;0.0195438;4.9936165;2193.7826993;0.0177428;-0.0001911;64.6961121;0.2157858
704.9733801;613.0680727;7.5650055;7.7349945;0.9998158;0.0191919;5.007925;2199.7800119;0.016393;-0.0002646;64.7159935;0.2108588
704.859335;619.0660567;7.5509654;7.7490346;0.9998228;0.0188268;5.0300173;2205.7772891;0.0144899;-0.0003766;64.7353537;0.2033859
704.7475192;625.064097;7.5367563;7.7632437;0.9998298;0.0184486;5.0639588;2211.7745602;0.0118005;-0.000525;64.753919;0.1921687
704.6380116;631.0621954;7.5220411;7.7779589;0.999837;0.0180572;5.115009;2217.7718865;0.0081688;-0.0006844;64.7713451;0.1783158
704.5308913;637.0603538;7.5081429;7.7918571;0.9998442;0.0176526;5.1885818;2223.7693732;0.0036872;-0.0007965;64.7875212;0.1684208
704.4262371;643.0585742;7.4944789;7.8055211;0.9998515;0.0172349;5.2880449;2229.7671483;-0.0010996;-0.0007684;64.8031069;0.1734555
704.3241283;649.0568584;7.4796382;7.8203618;0.9998588;0.016804;5.4112391;2235.7652646;-0.0049719;-0.0004667;64.819662;0.1930162
704.2246436;655.0552083;7.4661101;7.8338899;0.9998662;0.0163599;5.5456112;2241.7635114;-0.0058243;0.0002571;64.8376729;0.1769202
704.1278621;661.0536258;7.4523544;7.8476456;0.9998736;0.0159021;5.6640154;2247.7613189;-0.0011931;0.0013076;64.8512508;0.0334131
704.0338628;667.0521128;7.4388218;7.8611782;0.999881;0.0154239;5.7302013;2253.7582134;0.0094069;0.0021438;64.8478375;-0.2217183
703.941925;673.0506369;7.4332681;7.8667319;0.999881;0.0154273;5.7163727;2259.7575297;0.023767;0.0025905;64.8183577;-0.642828
703.8460089;679.0489371;7.4487296;7.8512704;0.9998593;0.0167764;5.6132488;2265.7651789;0.0398346;0.0027354;64.7417754;-1.2732181
703.7379038;685.0466591;7.4675143;7.8324857;0.99981;0.0194948;5.4233712;2271.7819226;0.0563655;0.0027667;64.6060852;-1.9318504
703.6093925;691.0434484;7.4867853;7.8132147;0.9997219;0.0235839;5.1534565;2277.807806;0.0729609;0.0027648;64.4073888;-2.6282528
703.4522577;697.0389506;7.5052568;7.7947432;0.9995781;0.0290441;4.8114816;2283.8423102;0.0895286;0.0027603;64.1428033;-3.3066388
703.2582823;703.0328112;7.5233679;7.7766321;0.9993563;0.035875;4.4056119;2289.8844767;0.1060894;0.0027632;63.8153226;-3.889145
703.0192492;709.0246756;7.5589653;7.7410347;0.9990282;0.0440753;3.9438534;2295.9330381;0.1226916;0.0027742;63.435197;-4.3086767
702.726941;715.0141893;7.6462486;7.6537514;0.9985602;0.0536422;3.4339898;2301.9865377;0.139386;0.0027939;63.01835;-4.5336563
702.3731407;721.0009978;7.7316408;7.5683592;0.9979131;0.0645707;2.883554;2308.0434455;0.1562211;0.0028207;62.5828292;-4.5756959
701.949631;726.9847467;7.8159708;7.4840292;0.9970425;0.0768527;2.299868;2314.1022631;0.1732307;0.0028517;62.1448804;-4.4795273
701.448194;732.9650567;7.9001013;7.3998987;0.9958982;0.0904807;1.6901281;2320.1616046;0.1904278;0.0028849;61.7162298;-4.3023783
700.8605647;738.940068;7.9737695;7.3262305;0.9944188;0.1055045;1.0616415;2326.2189083;0.2137406;0.0029447;61.1696326;-4.0386793
700.178405;744.9056247;8.0383946;7.2616054;0.9925363;0.1219492;0.422047;2332.2695205;0.2315342;0.0029879;60.7805796;-3.8316635
699.393371;750.8573728;8.081846;7.218154;0.9901769;0.1398206;-0.2207744;2338.3089405;0.2495799;0.0030287;60.4087849;-3.6430749
698.4971182;756.7909586;8.079107;7.220893;0.9872591;0.1591207;-0.8587503;2344.3331746;0.2678607;0.0030662;60.0523169;-3.4861493
697.4813025;762.7020284;8.0714947;7.2285053;0.9836948;0.1798458;-1.4836376;2350.338864;0.2863536;0.0030993;59.7073768;-3.387129
696.3375797;768.5862284;8.0545264;7.2454736;0.9793888;0.2019842;-2.0870503;2356.3234249;0.305032;0.0031284;59.3681562;-3.3308773
695.0576056;774.4392048;8.0115803;7.2884197;0.9742398;0.2255144;-2.6605277;2362.2852015;0.3238776;0.0031553;59.0339467;-3.2428731
693.633036;780.2566038;7.8483029;7.4516971;0.9681418;0.2504024;-3.1956568;2368.2236301;0.3428795;0.0031806;58.7076879;-3.1402619
692.0555267;786.0340718;7.6882908;7.6117092;0.9609849;0.2766007;-3.6841574;2374.1393953;0.3556302;0.003197;58.4949624;-3.0704877
690.3167334;791.7672548;7.584994;7.715006;0.9526547;0.3040544;-4.1180486;2380.0345497;0.3749248;0.0032622;58.1820817;-2.9926489
688.4096716;797.451869;7.4985414;7.8014586;0.9433125;0.3319059;-4.4920159;2385.9160641;0.3945286;0.0032559;57.8748161;-2.935511
686.3364017;803.0840952;7.5177768;7.7822232;0.9334148;0.358799;-4.8079241;2391.793119;0.4141337;0.0032856;57.5712116;-2.8960656
684.1026755;808.6603035;7.5534623;7.7465377;0.9230304;0.3847271;-5.0710985;2397.6681274;0.4339377;0.003318;57.2696877;-2.8686236
681.7142559;814.1768651;7.6222068;7.6777932;0.9122102;0.4097226;-5.2868496;2403.5425429;0.4539336;0.0033494;56.9691707;-2.8490848
679.1769057;819.6301507;7.6938779;7.6061221;0.9009982;0.4338229;-5.4602142;2409.4170617;0.4741154;0.00338;56.6689947;-2.8318226
676.4963878;825.0165312;7.7500101;7.5499899;0.8894318;0.4570678;-5.5959582;2415.2917054;0.4944785;0.00341;56.3691949;-2.806099
673.678465;830.3323776;7.7922479;7.5077521;0.8775426;0.4794987;-5.6985813;2421.1658917;0.51502;0.0034397;56.0710573;-2.7586891
670.7289001;835.5740608;7.8134199;7.4865801;0.865356;0.5011577;-5.7723178;2427.0385007;0.5357387;0.003469;55.7771737;-2.6895605
667.6534561;840.7379517;7.736175;7.563825;0.852892;0.5220874;-5.8211261;2432.9079347;0.5566316;0.0034976;55.4894055;-2.6230625
664.4578956;845.8204212;7.6194262;7.6805738;0.8401652;0.5423305;-5.8486614;2438.7721742;0.5776934;0.0035254;55.2076908;-2.5416754
661.1479605;850.81787;7.5536354;7.7463646;0.8271847;0.5619302;-5.8582599;2444.6288595;0.5989216;0.0035538;54.9350911;-2.417517
657.7281187;855.7284884;7.4983261;7.8016739;0.813958;0.5809237;-5.8529658;2450.4775414;0.6203204;0.0035811;54.6764917;-2.2626983
654.2008636;860.5532416;7.5215886;7.7784114;0.8005203;0.5993056;-5.83573;2456.3212006;0.641872;0.0036042;54.4338516;-2.1228201
650.5685188;865.2933334;7.6384878;7.6615122;0.7869118;0.6170655;-5.8095239;2462.1628908;0.6563081;0.0036157;54.279447;-2.0533934
646.8334078;869.9499679;7.7572023;7.5427977;0.7731719;0.6341966;-5.7772528;2468.0053931;0.6780291;0.0036259;54.0547511;-1.9757397
642.9978541;874.5243489;7.8345368;7.4654632;0.7593385;0.6506958;-5.7417244;2473.8512274;0.6997945;0.0036316;53.839743;-1.7858315
639.0641812;879.0176803;7.8765522;7.4234478;0.7454485;0.6665632;-5.7057692;2479.7026621;0.7215957;0.0036383;53.6542374;-1.2698023
635.0347126;883.4311661;7.9210108;7.3789892;0.7315368;0.6818019;-5.6723523;2485.5617227;0.7434295;0.0036397;53.5381389;-0.424921
630.9117718;887.7660101;7.9433889;7.3566111;0.7176367;0.6964176;-5.6442724;2491.4302045;0.7651941;0.003611;53.5137388;0.0997157
626.6976822;892.0234163;7.9407519;7.3592481;0.7037794;0.7104185;-5.6234873;2497.3096976;0.7866935;0.003557;53.5319634;0.3107526
622.3947675;896.2045886;7.9345291;7.3654709;0.6899942;0.7238149;-5.6112849;2503.2016096;0.8078529;0.0034934;53.5701893;0.3817279
618.0052464;900.30969;7.8091526;7.4908474;0.6760001;0.7369015;-5.6083445;2509.1042045;0.8288785;0.0035152;53.6112327;0.2917937
613.5309191;904.3347194;7.6497403;7.6502597;0.6614779;0.7499647;-5.6138106;2515.0130564;0.8500438;0.0035448;53.6391325;0.1292562
608.9734808;908.2746339;7.5711994;7.7288006;0.6463964;0.7630017;-5.6264827;2520.9255207;0.8714105;0.0035792;53.6486873;-0.0142278
604.334627;912.1243912;7.5783729;7.7216271;0.6307238;0.7760074;-5.6450887;2526.8391143;0.8929556;0.0036029;53.6440518;-0.0894736
599.6160529;915.8789484;7.6347979;7.6652021;0.6144273;0.7889734;-5.6678136;2532.7515332;0.9145973;0.0036111;53.6336778;-0.0845757
594.819454;919.533263;7.6790043;7.6209957;0.5974737;0.8018885;-5.6921165;2538.6606795;0.9362409;0.0036036;53.626523;-0.0104275
589.9465256;923.0822924;7.6801581;7.6198419;0.5798295;0.8147378;-5.7147292;2544.564696;0.957799;0.0035833;53.6295265;0.1016758
584.9989631;926.5209939;7.680167;7.619833;0.5614609;0.8275033;-5.7317641;2550.4620072;0.979215;0.003558;53.6451954;0.2027641
579.9784618;929.844325;7.6778529;7.6221471;0.5423343;0.8401628;-5.7389772;2556.3513622;1.0004938;0.0035395;53.6702389;0.2481011
574.8867171;933.0472429;7.6735632;7.6264368;0.5224167;0.8526904;-5.7321517;2562.2318751;1.0217035;0.0035354;53.6974108;0.2264901
569.7254243;936.1247051;7.6769558;7.6230442;0.501676;0.8650556;-5.7073767;2568.1030558;1.0358479;0.0035399;53.7132269;0.1803657
564.4962788;939.071669;7.6987455;7.6012545;0.4800818;0.8772237;-5.6610279;2573.9648348;1.0571121;0.0035509;53.7307952;0.1119747
559.200976;941.8830918;7.7287938;7.5712062;0.4576056;0.8891553;-5.5895229;2579.8175945;1.0784379;0.0035591;53.7414071;0.068079
553.8412112;944.5539311;7.7653245;7.5346755;0.4342215;0.9008061;-5.4890662;2585.6622111;1.0997896;0.0035589;53.748579;0.0683318
548.4186798;947.0791441;7.803913;7.496087;0.4099072;0.9121272;-5.355496;2591.5001071;1.1211081;0.0035479;53.7573461;0.1154079
542.9350771;949.4536883;7.8475788;7.4524212;0.3846449;0.9230646;-5.1842329;2597.3333115;1.1423283;0.0035264;53.7725678;0.1990954
537.3920985;951.672521;7.8600393;7.4399607;0.3584215;0.9335599;-4.9703;2603.1645216;1.1633924;0.0034962;53.7977288;0.3027859
531.7914394;953.7305996;7.8073894;7.4926106;0.3312304;0.9435499;-4.7083885;2608.997164;1.1842569;0.0034602;53.8346615;0.4107019
526.134795;955.6228815;7.7447262;7.5552738;0.3030719;0.9529677;-4.3929357;2614.835451;1.2048927;0.0034201;53.8839906;0.5243654
520.4238609;957.344324;7.7219945;7.5780055;0.2739543;0.9617427;-4.0181658;2620.6844318;1.2252767;0.0033771;53.946726;0.6539235
514.6603322;958.8898845;7.7210871;7.5789129;0.243895;0.9698016;-3.5782394;2626.5500286;1.2455521;0.0033958;54.0248437;0.8020631
508.8465432;960.2571791;7.7254651;7.5745349;0.2142618;0.9767763;-3.0704721;2632.4431478;1.2655031;0.0032833;54.1197257;0.9483753
502.9873822;961.4544567;7.764521;7.535479;0.1864516;0.9824641;-2.5010025;2638.37171;1.285073;0.0032435;54.2294269;1.0532997
497.0883762;962.4926242;7.8132375;7.4867625;0.1605134;0.9870337;-1.8803773;2644.3360314;1.3044379;0.003216;54.3478399;1.0919429
491.1550523;963.3825886;7.8573646;7.4426354;0.1364734;0.9906437;-1.2200479;2650.3344742;1.3236756;0.0031997;54.4680163;1.083291
485.1929375;964.1352566;7.9111261;7.3888739;0.1143403;0.9934416;-0.5320576;2656.3637204;1.3428259;0.0031864;54.5865008;1.0657954
479.2075587;964.7615351;7.9598751;7.3401249;0.0941098;0.9955618;0.1712837;2662.419066;1.3619057;0.0031748;54.7026385;1.0450831
473.2044429;965.2723312;7.990906;7.309094;0.0757682;0.9971255;0.8776256;2668.4947041;1.3809011;0.0031583;54.8163694;1.0263556
467.1891172;965.6785515;7.9312317;7.3687683;0.0592962;0.9982404;1.5748766;2674.584008;1.3997893;0.0031397;54.9278921;1.0084682
461.1671085;965.9911031;7.8421663;7.4578337;0.0446723;0.9990017;2.2512697;2680.679767;1.4185653;0.0031212;55.0372974;0.9913348
455.1439438;966.2208928;7.7707356;7.5292644;0.0318748;0.9994919;2.8953663;2686.7743936;1.4372272;0.003099;55.1446901;0.9752612
449.1250188;966.3787424;7.7312052;7.5687948;0.0207969;0.9997837;3.4964059;2692.8605719;1.4557568;0.0030993;55.2501862;0.9598392
443.1127087;966.4735161;7.7006057;7.5993943;0.010908;0.9999405;4.0457979;2698.9358572;1.4743583;0.0031031;55.3538382;0.9445488
437.1063694;966.5121213;7.6820418;7.6179582;0.0021312;0.9999977;4.5367878;2704.9999391;1.4929772;0.0031053;55.4556665;0.9292879
431.1052255;966.5013802;7.6717049;7.6282951;-0.0055244;0.9999847;4.9629019;2711.0525233;1.5116073;0.0031065;55.5556827;0.9162173
425.1085015;966.4481152;7.6671271;7.6328729;-0.0120518;0.9999274;5.3178173;2717.0935281;1.5301834;0.0030818;55.6545804;0.9247465
419.1154221;966.3591486;7.6669238;7.6330762;-0.0174459;0.9998478;5.5962087;2723.1231955;1.548436;0.0029933;55.7549816;0.9636179
413.1252118;966.2413026;7.6694507;7.6305493;-0.0217032;0.9997645;5.7951923;2729.142165;1.5658102;0.0027779;55.8604014;1.0409891
407.1370952;966.1013995;7.6729609;7.6270391;-0.024821;0.9996919;5.9166283;2735.1514541;1.5812516;0.0023334;55.9749416;1.1496744
401.1502969;965.9462616;7.6765975;7.6234025;-0.026798;0.9996409;5.9705086;2741.1522883;1.5931316;0.0015921;56.1009881;1.2472739
395.1640414;965.7827112;7.6789092;7.6210908;-0.0276332;0.9996181;5.9763144;2747.1457829;1.6001207;0.0007508;56.2357435;1.287243
389.1775534;965.6175707;7.6786454;7.6213546;-0.0273266;0.9996266;5.9562183;2753.1327551;1.6026589;0.000129;56.3729341;1.2817059
383.1901844;965.4565265;7.6751074;7.6248926;-0.0264484;0.9996502;5.9257772;2759.1171477;1.6026601;-0.0001022;56.5086861;1.2634987
377.2017938;965.3007236;7.6689407;7.6310593;-0.0255688;0.9996731;5.8931198;2765.1024542;1.6018257;-0.0001589;56.6421727;1.2456187
371.212368;965.1501715;7.6602833;7.6397167;-0.0246877;0.9996952;5.8606124;2771.088681;1.6009206;-0.0001392;56.7734867;1.2285957
365.2218933;965.0048801;7.6495838;7.6504162;-0.0238053;0.9997166;5.827797;2777.0758486;1.6001619;-0.0001156;56.9027128;1.2117968
359.2303561;964.8648588;7.6373856;7.6626144;-0.0229214;0.9997373;5.793906;2783.0639804;1.5994888;-0.0001115;57.0298831;1.1951063
353.2377427;964.7301174;7.6226574;7.6773426;-0.0220362;0.9997572;5.7587742;2789.0530967;1.5987851;-0.0001249;57.1550233;1.178552
347.2440395;964.6006656;7.6065619;7.6934381;-0.0211495;0.9997763;5.7228465;2795.0432144;1.5979684;-0.0001481;57.2781602;1.1621911
341.2492328;964.4765128;7.589038;7.710962;-0.0202615;0.9997947;5.6869271;2801.0343473;1.5969983;-0.0001758;57.3993248;1.1459915
335.2533089;964.3576689;7.5704907;7.7295093;-0.0193721;0.9998123;5.6519973;2807.0265076;1.5958511;-0.0002075;57.5185457;1.1298962
329.2562542;964.2441435;7.5510895;7.7489105;-0.0184813;0.9998292;5.619208;2813.019706;1.5944886;-0.0002485;57.6358426;1.1137279
323.2580551;964.1359462;7.5312732;7.7687268;-0.0175892;0.9998453;5.590059;2819.0139516;1.5928282;-0.0003082;57.7512114;1.0971001
317.2586978;964.0330867;7.5109459;7.7890541;-0.0166957;0.9998606;5.5667229;2825.0092523;1.5907275;-0.0003962;57.864601;1.0794001
311.2581688;963.9355746;7.4910172;7.8089828;-0.0158009;0.9998752;5.552352;2831.0056173;1.5880126;-0.0005115;57.9758975;1.0602549
305.2564544;963.8434196;7.4710544;7.8289456;-0.0149048;0.9998889;5.5509837;2837.0030667;1.5845924;-0.0006251;58.0849838;1.0411791
299.2535408;963.7566313;7.4510662;7.8489338;-0.0140074;0.9999019;5.5664355;2843.0016421;1.5806816;-0.0006622;58.1919945;1.0274178
293.2494146;963.6752194;7.4316501;7.8683499;-0.0131086;0.9999141;5.5996037;2849.001397;1.5770985;-0.0004968;58.2976526;1.023318
287.244062;963.5991935;7.412972;7.887028;-0.0122085;0.9999255;5.6439986;2855.0023354;1.5755203;2.38e-05;58.4027357;1.0113283
281.2374693;963.5285633;7.3953642;7.9046358;-0.0113072;0.9999361;5.6807865;2861.0043538;1.5782496;0.0009206;58.5051908;0.9394177
275.2296229;963.4633385;7.3790297;7.9209703;-0.0104046;0.9999459;5.6790294;2867.007445;1.5866204;0.0018422;58.5980016;0.7957808
269.2205092;963.4035286;7.3641962;7.9358038;-0.0095007;0.9999549;5.6068032;2873.0122322;1.599595;0.0024377;58.6753355;0.6437498
263.2101145;963.3491434;7.3510759;7.9489241;-0.0085955;0.9999631;5.4424474;2879.020181;1.6150779;0.0026662;58.7378358;0.5247695
257.1987784;963.297453;7.341989;7.958011;-0.0090574;0.999959;5.1777231;2885.0400268;1.6318681;0.0028964;58.7889932;0.4187949
251.1882535;963.2347704;7.3366879;7.9633121;-0.0122556;0.9999249;4.818476;2891.0775593;1.6495062;0.0029798;58.8262217;0.2239214
245.1806458;963.144669;7.3637776;7.9362224;-0.0181949;0.9998345;4.3773139;2897.1292386;1.6675406;0.0030313;58.845028;0.0771188
239.1780611;963.0107223;7.4745564;7.8254436;-0.0268839;0.9996386;3.8687477;2903.1904948;1.6858343;0.0030675;58.8494717;-0.0448748
233.1826052;962.8165037;7.5860124;7.7139876;-0.0383331;0.999265;3.3082988;2909.2561095;1.7043138;0.0030932;58.8421672;-0.1357008
227.1963842;962.5455868;7.6984795;7.6015205;-0.0525517;0.9986182;2.7122344;2915.3206179;1.7229158;0.0031075;58.826636;-0.3652273
221.2215038;962.1815451;7.7912752;7.5087248;-0.0695437;0.9975789;2.0974853;2921.3787343;1.7415664;0.0031118;58.7705525;-1.0782601
215.2600699;961.707952;7.8663847;7.4336153;-0.0893031;0.9960045;1.4813066;2927.4258379;1.7602704;0.0031277;58.6404361;-1.6964788
209.3141885;961.1083811;7.9330816;7.3669184;-0.1118076;0.9937299;0.8804694;2933.4585258;1.7791163;0.0031579;58.4552417;-2.0070371
203.3859654;960.3664059;7.9851865;7.3148135;-0.1370122;0.9905694;0.3109926;2939.4751019;1.7981676;0.0031997;58.2450236;-2.105372
197.4775321;959.466031;8.029094;7.270906;-0.1644244;0.9863897;-0.2130401;2945.4760747;1.8177045;0.0032458;58.0264638;-2.1552237
191.5916094;958.40118;8.0371601;7.2628399;-0.1914811;0.9814963;-0.6866654;2951.4640544;1.8371495;0.0032533;57.8009803;-2.2472292
185.731507;957.1756941;8.0161346;7.2838654;-0.2177656;0.9760011;-1.1136302;2957.442136;1.8567466;0.0032808;57.5635289;-2.3812806
179.9005604;955.7938458;7.9911742;7.3088258;-0.2432877;0.9699542;-1.4987971;2963.4128758;1.8765028;0.0033068;57.3107548;-2.5139214
174.1021052;954.2599077;7.9109322;7.3890678;-0.2680613;0.9634019;-1.8468177;2969.3782042;1.8964159;0.0033334;57.0439459;-2.6059716
168.3394766;952.5781522;7.7907794;7.5092206;-0.2921043;0.9563865;-2.1621896;2975.3394764;1.9164922;0.0033612;56.7677938;-2.6443732
162.6160103;950.752852;7.6712611;7.6287389;-0.3154375;0.9489463;-2.4492768;2981.2975187;1.9367389;0.0033901;56.4876479;-2.6399505
156.9350417;948.7882794;7.5983459;7.7016541;-0.3380842;0.9411159;-2.712296;2987.2526704;1.9571599;0.0034193;56.2073992;-2.6131592
151.2999062;946.688707;7.5875182;7.7124818;-0.3600695;0.9329255;-2.9552891;2993.2048252;1.9777556;0.0034483;55.9288941;-2.5793044
145.7139392;944.4584073;7.5806199;7.7193801;-0.3814205;0.9244016;-3.1820999;2999.1534698;1.9985248;0.0034775;55.6527511;-2.5397469
140.180476;942.1016505;7.5620832;7.7379168;-0.4021716;0.9155643;-3.3962968;3005.0976991;2.019436;0.0034963;55.3799021;-2.4814022
134.7027314;939.6219211;7.5371328;7.7628672;-0.4225886;0.9063216;-3.6004824;3011.0357941;2.0405327;0.0035332;55.1129788;-2.3842864
129.2836256;937.0207778;7.5217998;7.7782002;-0.4428175;0.8966118;-3.7958021;3016.9671827;2.061807;0.0035603;54.8567272;-2.2369204
123.9260348;934.29949;7.5731235;7.7268765;-0.4628564;0.8864333;-3.9828922;3022.8919226;2.0832357;0.0035845;54.6167602;-2.0535981
118.6328349;931.4593268;7.6957792;7.6042208;-0.482705;0.875783;-4.1622026;3028.8100506;2.1047937;0.0036029;54.396548;-1.8680456
113.406902;928.5015575;7.8220655;7.4779345;-0.5023625;0.8646571;-4.3339095;3034.7215978;2.126436;0.0036123;54.1953471;-1.7154741
108.2511119;925.4274514;7.8788389;7.4211611;-0.5218272;0.8530512;-4.4978221;3040.6266019;2.1481069;0.0036129;54.0095596;-1.5822069
103.1683409;922.2382777;7.9130506;7.3869494;-0.5410967;0.8409604;-4.6533956;3046.5251238;2.1697697;0.0036108;53.840187;-1.3650299
98.1614648;918.9353057;7.9535616;7.3464384;-0.5601678;0.8283792;-4.7999186;3052.4172668;2.1914311;0.0036126;53.7028088;-0.9172379
93.2333597;915.5198046;7.914121;7.385879;-0.5790364;0.8153017;-4.9367018;3058.3031892;2.213102;0.0036113;53.6258495;-0.2606609
88.3869015;911.9930437;7.7999847;7.5000153;-0.5976973;0.8017219;-5.0628992;3064.1831082;2.2347075;0.0035884;53.6163573;0.0855286
83.6249664;908.3562923;7.6865104;7.6134896;-0.6161443;0.7876333;-5.1770025;3070.0573071;2.2561224;0.0035528;53.6323502;0.2232479
78.9504302;904.6108196;7.6349123;7.6650877;-0.6343701;0.7730295;-5.2769828;3075.9261665;2.2702889;0.0035343;53.6505047;0.2725044
74.3661691;900.7578948;7.6348495;7.6651505;-0.6523662;0.7579039;-5.361016;3081.790193;2.2914475;0.0035255;53.6810965;0.2501008
69.875059;896.7987872;7.6241486;7.6758514;-0.6701228;0.7422502;-5.4279376;3087.6500199;2.3126237;0.0035387;53.7060217;0.1526971
65.479976;892.7347661;7.7478302;7.5521698;-0.687629;0.7260622;-5.477192;3093.5063918;2.3339147;0.0035611;53.7192322;0.0441057
61.183796;888.5671008;7.9211352;7.3788648;-0.7048724;0.7093341;-5.5084267;3099.3601526;2.355333;0.0035795;53.7214001;-0.0261867
56.989395;884.2970604;8.0477955;7.2522045;-0.7218395;0.6920605;-5.5211136;3105.2122483;2.3768329;0.0035878;53.7176033;-0.0377936
52.8996491;879.9259142;8.0856366;7.2143634;-0.7385152;0.6742368;-5.514363;3111.0637434;2.3983469;0.0035844;53.7143064;0.0055232
48.9174343;875.4549315;8.1065027;7.1934973;-0.7548832;0.6558592;-5.4868912;3116.9158419;2.4198104;0.0035714;53.716985;0.0804919
45.0456266;870.8853816;8.0043473;7.2956527;-0.7709254;0.6369254;-5.4370976;3122.7699119;2.4411813;0.0035545;53.728224;0.1498003
41.2870996;866.2185361;7.865588;7.434412;-0.7866154;0.6174433;-5.3633443;3128.6275579;2.4625193;0.0035579;53.7464045;0.184853
37.6439431;861.4565029;7.7327664;7.5672336;-0.8016655;0.5977728;-5.2653298;3134.4926487;2.4837733;0.0035399;53.7669681;0.1750598
34.116326;856.6034378;7.5691796;7.7308204;-0.815937;0.5781408;-5.1452396;3140.3673321;2.5050193;0.0035458;53.7850652;0.1338055
30.7041285;851.6638046;7.4470558;7.8529442;-0.829461;0.5585646;-5.0062031;3146.2518945;2.5263162;0.0035556;53.7980489;0.0865688
27.4072309;846.6420669;7.4951587;7.8048413;-0.8422673;0.5390601;-4.8514457;3152.1463018;2.5476681;0.0035633;53.8062453;0.0559565
24.2255135;841.5426885;7.5913041;7.7086959;-0.8543851;0.5196403;-4.6840647;3158.0502142;2.5690497;0.0035651;53.8121828;0.0539416
21.1588565;836.3701331;7.6954735;7.6045265;-0.8658436;0.5003148;-4.5068833;3163.9630201;2.590421;0.0035598;53.8192436;0.0810614
18.2071402;831.1288644;7.7601696;7.5398304;-0.876671;0.4810903;-4.3223817;3169.8838686;2.6046422;0.0035527;53.8260851;0.1164818
15.3702449;825.8233462;7.7641541;7.5358459;-0.8868952;0.4619707;-4.1326965;3175.8116993;2.6259091;0.0035379;53.8410502;0.1723029
12.6480508;820.4580421;7.7583076;7.5416924;-0.8965427;0.4429574;-3.9396664;3181.7452672;2.6470776;0.0035199;53.8622917;0.2290005
10.0404382;815.0374158;7.7460949;7.5539051;-0.9056379;0.4240519;-3.7448728;3187.6831722;2.6681268;0.0034925;53.8897464;0.2854106
7.5475115;809.5658003;7.744613;7.555387;-0.9142871;0.4050668;-3.5491052;3193.623182;2.6889691;0.0034716;53.9236651;0.3529085
5.1719785;804.046008;7.7575935;7.5424065;-0.9227406;0.3854215;-3.3503382;3199.562109;2.7097285;0.0034444;53.9658747;0.4501901
2.9182253;798.4798712;7.7619251;7.5380749;-0.9309877;0.3650505;-3.1441519;3205.4995417;2.7302588;0.0033988;54.020212;0.5912978
0.790666;792.8692062;7.7597853;7.5402147;-0.9389945;0.3439322;-2.9253077;3211.4356527;2.7504698;0.0033383;54.0914746;0.7689562
-1.2062856;787.215829;7.7549477;7.5450523;-0.9467233;0.3220482;-2.6879892;3217.3710735;2.7702892;0.0032702;54.1825661;0.9424452
-3.0682153;781.5215558;7.7618156;7.5381844;-0.954133;0.2993832;-2.426091;3223.306939;2.7897167;0.0032104;54.2910749;1.0553594
-4.7907091;775.7882026;7.7677866;7.5322134;-0.9611792;0.2759249;-2.1337446;3229.2449122;2.8088469;0.003172;54.4091582;1.0877116
-6.3693529;770.0175855;7.7709359;7.5290641;-0.9678143;0.2516652;-1.8057022;3235.1871916;2.8278083;0.003152;54.5287316;1.0783011
-7.7997329;764.2115207;7.7870984;7.5129016;-0.9739878;0.2266006;-1.4372361;3241.1365261;2.8466806;0.0031429;54.6467593;1.0607036
-9.0774349;758.3718242;7.7861444;7.5138556;-0.9796456;0.2007351;-1.023942;3247.0962393;2.8655255;0.0031378;54.762495;1.0416708
-10.1980571;752.5003134;7.8418087;7.4581913;-0.9847244;0.1741202;-0.5619185;3253.0702414;2.8845363;0.0032001;54.8759692;1.0239771
-11.161327;746.599214;7.9093678;7.3906322;-0.9889265;0.148406;-0.0519119;3259.0631837;2.9034814;0.0031453;54.9872725;1.0059041
-11.9770836;740.6717515;7.9806329;7.3193671;-0.9922089;0.1245852;0.4967213;3265.0769362;2.9223513;0.0031473;55.0963809;0.9879033
-12.6566853;734.721302;8.0421869;7.2578131;-0.9947144;0.1026803;1.0717573;3271.1108139;2.9412286;0.003147;55.2033217;0.9701988
-13.2114907;728.7512414;8.0774496;7.2225504;-0.9965738;0.0827086;1.6607817;3277.1627266;2.9600944;0.0031434;55.308137;0.9528317
-13.6528582;722.7649455;8.1070037;7.1929963;-0.9979063;0.0646759;2.2513984;3283.2294511;2.9789279;0.0031363;55.4108755;0.935906
-13.9921464;716.7657904;8.0242704;7.2757296;-0.9988194;0.0485789;2.8313297;3289.3068959;2.9977103;0.0031264;55.5115973;0.9194894
-14.2407136;710.757152;7.8211626;7.4788374;-0.9994079;0.0344081;3.3884955;3295.3903505;3.0164273;0.0031146;55.6103688;0.9036271
-14.4099184;704.7424061;7.618318;7.681682;-0.9997546;0.0221513;3.9110683;3301.4747184;3.035071;0.0031021;55.7072618;0.88835
-14.5111192;698.7249288;7.5241149;7.7758851;-0.9999304;0.0117955;4.3875029;3307.5547321;3.0536412;0.0030903;55.8023497;0.8736734
-14.5556745;692.7080959;7.4540397;7.8459603;-0.9999944;0.0033326;4.8065792;3313.6251401;3.0721248;0.0030616;55.8958251;0.8675456
-14.5546005;686.6950886;7.4211731;7.8788269;-0.9999938;-0.0035134;5.1585928;3319.6825495;3.0903504;0.003028;55.9891353;0.8821251
-14.5149389;680.6868265;7.4478391;7.8521609;-0.9999542;-0.0095656;5.4387056;3325.7295673;3.1082794;0.002931;56.0846967;0.923284
-14.4411699;674.6827714;7.4899449;7.8100551;-0.9998892;-0.0148836;5.6470253;3331.7672094;3.1252852;0.0027132;56.1855853;0.9960587
-14.3377308;668.6823612;7.5355924;7.7644076;-0.9998105;-0.0194661;5.7885224;3337.796424;3.1404594;0.0023074;56.2950569;1.0923897
-14.2090593;662.6850336;7.5809642;7.7190358;-0.9997283;-0.0233107;5.8751336;3343.8182094;-3.1306456;0.0016882;56.4146788;1.181102
-14.0595928;656.6902261;7.6254884;7.6745116;-0.999651;-0.0264158;5.9254879;3349.8334282;-3.1225893;0.0010115;56.5421903;1.2279287
-13.8937687;650.6973765;7.6699035;7.6300965;-0.9995858;-0.0287801;5.9584838;3355.8427179;-3.1181143;0.0005298;56.6727794;1.2344156
-13.7160247;644.7059224;7.7146317;7.5853683;-0.9995377;-0.0304027;5.9855054;3361.8465623;-3.115726;0.0003071;56.8029606;1.2233896
-13.5307982;638.7153017;7.7593291;7.5406709;-0.9995106;-0.031283;6.009264;3367.8453741;-3.1141393;0.0002384;56.931469;1.2079998
-13.3425266;632.724952;7.7865325;7.5134675;-0.9995062;-0.0314214;6.0276212;3373.8395429;-3.112798;0.0002099;57.0580372;1.192089
-13.1556439;626.7343114;7.7712993;7.5287007;-0.9995246;-0.0308313;6.0374135;3379.8295436;-3.1116975;0.0001511;57.1826692;1.1765071
-12.9733637;620.7429752;7.7535643;7.5464357;-0.9995499;-0.0299999;6.037346;3385.8186302;-3.1109208;0.0001037;57.3054028;1.1609867
-12.7959112;614.7509236;7.7348948;7.5651052;-0.9995733;-0.0292102;6.029154;3391.8085478;-3.1105088;3.39e-05;57.4262585;1.1455207
-12.6230623;608.7581946;7.717096;7.582904;-0.999595;-0.0284584;6.0154905;3397.7992553;-3.1105006;-2.87e-05;57.5452467;1.1299946
-12.4545931;602.764826;7.6987199;7.6012801;-0.9996151;-0.0277442;5.9987139;3403.790723;-3.1108182;-7.33e-05;57.6623773;1.114583
-12.2902798;596.7708559;7.6811486;7.6188514;-0.9996336;-0.0270677;5.9805173;3409.7829187;-3.1113369;-9.58e-05;57.7776807;1.0994725
-12.1298983;590.7763221;7.6630223;7.6369777;-0.9996507;-0.0264287;5.9618281;3415.7758099;-3.1119321;-0.0001001;57.8912019;1.0847156
-11.9732247;584.7812628;7.6454557;7.6545443;-0.9996664;-0.0258273;5.9429784;3421.7693648;-3.1125199;-9.49e-05;58.0029864;1.0702618
-11.8200351;578.7857157;7.6280496;7.6719504;-0.9996808;-0.0252634;5.9239962;3427.7635518;-3.1130659;-8.72e-05;58.1130734;1.0560537
-11.6701055;572.789719;7.6139355;7.6860645;-0.999694;-0.0247371;5.9048394;3433.7583395;-3.1135679;-8.05e-05;58.2214965;1.0420656
-11.523212;566.7933105;7.6105917;7.6894083;-0.999706;-0.0242483;5.8855006;3439.7536957;-3.114034;-7.52e-05;58.3282872;1.0282924
-11.3791307;560.7965281;7.6078601;7.6921399;-0.9997168;-0.023797;5.8660191;3445.7495877;-3.1144712;-7.07e-05;58.4334765;1.0147341
-11.2376375;554.79941;7.6052372;7.6947628;-0.9997266;-0.0233832;5.8464613;3451.7459827;-3.1148829;-6.66e-05;58.537095;1.0013891
-11.0985087;548.8019939;7.6028362;7.6971638;-0.9997353;-0.0230069;5.8269043;3457.7428471;-3.1152701;-6.26e-05;58.6391725;0.9882539
-10.9615201;542.8043179;7.6012195;7.6987805;-0.999743;-0.022668;5.8074308;3463.7401473;-3.1156339;-5.88e-05;58.7397384;0.975324
-10.826448;536.80642;7.5987588;7.7012412;-0.9997498;-0.0223666;5.7881291;3469.7378492;-3.1159753;-5.51e-05;58.8388211;0.9625951
-10.6930682;530.808338;7.5963348;7.7036652;-0.9997557;-0.0221027;5.7690951;3475.7359187;-3.1162957;-5.17e-05;58.9364484;0.9500631
-10.561157;524.81011;7.5939639;7.7060361;-0.9997607;-0.0218763;5.7504333;3481.7343214;-3.1165964;-4.86e-05;59.0326474;0.9377241
-10.4304904;518.8117739;7.5917996;7.7082004;-0.9997648;-0.0216873;5.7322559;3487.7330226;-3.1168788;-4.56e-05;59.1274443;0.9255744
-10.3008443;512.8133677;7.5903543;7.7096457;-0.9997681;-0.0215357;5.7146828;3493.7319878;-3.1171441;-4.29e-05;59.220865;0.9136104
-10.171995;506.8149293;7.5880863;7.7119137;-0.9997705;-0.0214215;5.6978399;3499.7311819;-3.1173932;-4.03e-05;59.3129346;0.9018273
-10.0437197;500.8164964;7.5858858;7.7141142;-0.9997722;-0.0213428;5.6818506;3505.7305591;-3.1176247;-3.72e-05;59.4036775;0.8902223
-9.9158758;494.8180925;7.5836182;7.7163818;-0.9997737;-0.0212736;5.6667653;3511.7299515;-3.1178435;-3.55e-05;59.4931177;0.8787918
-9.7884446;488.819719;7.5821856;7.7178144;-0.9997751;-0.0212056;5.6525351;3517.7293107;-3.1180502;-3.34e-05;59.5812782;0.8675259
-9.661418;482.8213753;7.5802014;7.7197986;-0.9997765;-0.021139;5.6390924;3523.7286382;-3.1182445;-3.14e-05;59.6681812;0.8564239
-9.5347878;476.8230607;7.5780037;7.7219963;-0.9997779;-0.0210737;5.6263734;3529.727935;-3.118427;-2.95e-05;59.7538486;0.8454829
-9.4085459;470.8247749;7.5757681;7.7242319;-0.9997793;-0.0210098;5.6143189;3535.727202;-3.1185986;-2.77e-05;59.8383018;0.8346999
-9.2826841;464.8265172;7.5735477;7.7264523;-0.9997806;-0.0209473;5.6028737;3541.72644;-3.1187599;-2.61e-05;59.9215615;0.8240721
-9.1571944;458.828287;7.5753709;7.7246291;-0.9997819;-0.020886;5.5919867;3547.7256499;-3.1189115;-2.45e-05;60.0036483;0.8135969
-9.0320686;452.8300838;7.5812492;7.7187508;-0.9997831;-0.0208262;5.58161;3553.7248324;-3.1190539;-2.3e-05;60.084582;0.8032715
-8.9072987;446.8319071;7.5866816;7.7133184;-0.9997843;-0.0207677;5.5716993;3559.7239885;-3.1191879;-2.16e-05;60.1643822;0.7930933
-8.7828764;440.8337563;7.592079;7.707921;-0.9997855;-0.0207105;5.5622135;3565.7231189;-3.1193138;-2.03e-05;60.2430679;0.7830598
-8.6587937;434.8356309;7.5973455;7.7026545;-0.9997867;-0.0206547;5.5531142;3571.7222243;-3.1194321;-1.91e-05;60.3206579;0.7731684
-8.5350424;428.8375302;7.6039965;7.6960035;-0.9997878;-0.0206002;5.5443659;3577.7213056;-3.1195433;-1.8e-05;60.3971703;0.7634167
-8.4116144;422.8394537;7.6093045;7.6906955;-0.9997889;-0.0205471;5.535936;3583.7203635;-3.1196479;-1.69e-05;60.4726231;0.7538024
-8.2885016;416.8414009;7.6134733;7.6865267;-0.9997899;-0.0204954;5.5277939;3589.7193987;-3.1197462;-1.59e-05;60.5470338;0.7443229
-8.1656959;410.8433713;7.6199363;7.6800637;-0.999791;-0.020445;5.5199116;3595.7184121;-3.1198386;-1.49e-05;60.6204194;0.7349762
-8.0431891;404.8453642;7.6266393;7.6733607;-0.999792;-0.0203959;5.5122632;3601.7174044;-3.1199254;-1.4e-05;60.6927968;0.7257599
-7.9209732;398.8473791;7.6318281;7.6681719;-0.999793;-0.0203482;5.5048248;3607.7163763;-3.120007;-1.32e-05;60.7641823;0.7166719
-7.7990399;392.8494154;7.637758;7.662242;-0.9997939;-0.0203018;5.4975745;3613.7153285;-3.1200837;-1.24e-05;60.8345921;0.7077099
-7.6773812;386.8514727;7.643751;7.656249;-0.9997948;-0.0202568;5.4904922;3619.7142618;-3.1201558;-1.17e-05;60.9040418;0.6988719
-7.555989;380.8535503;7.6486471;7.6513529;-0.9997957;-0.0202132;5.4835594;3625.7131769;-3.1202236;-1.1e-05;60.9725469;0.6901559
-7.4348551;374.8556477;7.6543211;7.6456789;-0.9997965;-0.0201709;5.4767594;3631.7120746;-3.1202874;-1.03e-05;61.0401224;0.6815598
-7.3139714;368.8577643;7.6599508;7.6400492;-0.9997974;-0.0201299;5.4700769;3637.7109556;-3.1203473;-9.7e-06;61.1067832;0.6730816
-7.1933298;362.8598996;7.6633737;7.6366263;-0.9997982;-0.0200903;5.4634979;3643.7098206;-3.1204036;-9.1e-06;61.1725438;0.6647195
-7.0729222;356.862053;7.6666006;7.6333994;-0.9997989;-0.0200521;5.45701;3649.7086703;-3.1204566;-8.6e-06;61.2374184;0.6564716
-6.9527404;350.864224;7.6692664;7.6307336;-0.9997997;-0.0200152;5.4506019;3655.7075054;-3.1205064;-8.1e-06;61.3014208;0.6483359
-6.8327763;344.866412;7.6726529;7.6273471;-0.9998004;-0.0199797;5.4442635;3661.7063267;-3.1205532;-7.6e-06;61.3645648;0.6403108
-6.7130218;338.8686164;7.6753204;7.6246796;-0.9998011;-0.0199455;5.4379857;3667.7051348;-3.1205972;-7.1e-06;61.4268638;0.6323943
-6.5934687;332.8708368;7.6785967;7.6214033;-0.9998017;-0.0199126;5.4317608;3673.7039306;-3.1206387;-6.7e-06;61.4883307;0.6245849
-6.474109;326.8730725;7.6793155;7.6206845;-0.9998024;-0.0198811;5.4255817;3679.7027147;-3.1206777;-6.3e-06;61.5489786;0.6168807
-6.3549346;320.8753229;7.6789454;7.6210546;-0.9998029;-0.019851;5.4194423;3685.7014877;-3.1207143;-5.9e-06;61.6088201;0.6092802
-6.2359372;314.8775877;7.6789926;7.6210074;-0.9998035;-0.0198222;5.4133377;3691.7002505;-3.1207488;-5.6e-06;61.6678674;0.6017816
-6.1171088;308.879866;7.6780585;7.6219415;-0.9998041;-0.0197948;5.4072634;3697.6990038;-3.1207813;-5.3e-06;61.7261328;0.5943834
-5.9984412;302.8821576;7.6782483;7.6217517;-0.9998046;-0.0197687;5.401216;3703.6977482;-3.1208119;-4.9e-06;61.7836282;0.5870841
-5.8799264;296.8844616;7.6777012;7.6222988;-0.9998051;-0.0197439;5.3951924;3709.6964844;-3.1208407;-4.7e-06;61.8403652;0.579882
-5.7615562;290.8867777;7.6771686;7.6228314;-0.9998055;-0.0197206;5.3891907;3715.6952132;-3.1208679;-4.4e-06;61.8963553;0.5727757
-5.6433225;284.8891053;7.6771745;7.6228255;-0.999806;-0.0196985;5.3832093;3721.6939352;-3.1208934;-4.1e-06;61.9516098;0.5657637
-5.5252171;278.8914437;7.6762181;7.6237819;-0.9998064;-0.0196779;5.3772473;3727.6926512;-3.1209175;-3.9e-06;62.0061397;0.5588445
-5.407232;272.8937925;7.6762115;7.6237885;-0.9998068;-0.0196585;5.3713044;3733.6913619;-3.1209402;-3.7e-06;62.0599558;0.5520167
-5.289359;266.8961511;7.6760099;7.6239901;-0.9998071;-0.0196406;5.3653806;3739.6900679;-3.1209617;-3.5e-06;62.1130688;0.545279
-5.17159;260.8985189;7.6753659;7.6246341;-0.9998074;-0.0196239;5.3594768;3745.6887699;-3.1209819;-3.3e-06;62.1654892;0.53863
-5.0539168;254.9008954;7.6752547;7.6247453;-0.9998077;-0.0196087;5.3535941;3751.6874688;-3.121001;-3.1e-06;62.2172271;0.5320682
-4.9363314;248.90328;7.6742638;7.6257362;-0.999808;-0.0195947;5.3477341;3757.6861651;-3.121019;-2.9e-06;62.2682928;0.5255925
-4.8188256;242.9056722;7.6743117;7.6256883;-0.9998083;-0.0195822;5.3418989;3763.6848595;-3.121036;-2.8e-06;62.3186959;0.5192015
-4.7013914;236.9080714;7.6737329;7.6262671;-0.9998085;-0.019571;5.3360907;3769.6835528;-3.1210521;-2.6e-06;62.3684463;0.5128939
-4.5840204;230.910477;7.6732657;7.6267343;-0.9998087;-0.0195611;5.3303125;3775.6822457;-3.1210674;-2.5e-06;62.4175536;0.5066686
-4.4667048;224.9128886;7.6732338;7.6267662;-0.9998088;-0.0195526;5.3245673;3781.6809388;-3.1210818;-2.3e-06;62.466027;0.5005242
-4.3494363;218.9153055;7.6737651;7.6262349;-0.999809;-0.0195454;5.3188587;3787.6796328;-3.1210955;-2.2e-06;62.5138758;0.4944595
-4.2322068;212.9177272;7.6722154;7.6277846;-0.9998091;-0.0195396;5.3131904;3793.6783285;-3.1211084;-2.1e-06;62.561109;0.4884735
-4.1150081;206.9201531;7.6716138;7.6283862;-0.9998092;-0.0195352;5.3075665;3799.6770265;-3.1211207;-2e-06;62.6077355;0.482565
-3.9978323;200.9225827;7.6713201;7.6286799;-0.9998092;-0.0195321;5.3019914;3805.6757276;-3.1211324;-1.9e-06;62.6537641;0.4767327
-3.880671;194.9250154;7.6711424;7.6288576;-0.9998093;-0.0195303;5.2964697;3811.6744323;-3.1211436;-1.8e-06;62.6992033;0.4709756
-3.7635163;188.9274508;7.6701429;7.6298571;-0.9998093;-0.0195299;5.2910062;3817.6731415;-3.1211542;-1.7e-06;62.7440616;0.4652927
-3.64636;182.9298881;7.6703501;7.6296499;-0.9998093;-0.0195309;5.2856062;3823.6718558;-3.1211643;-1.7e-06;62.7883473;0.4596827
-3.5291939;176.9323268;7.6697586;7.6302414;-0.9998092;-0.0195332;5.2802749;3829.6705759;-3.121174;-1.6e-06;62.8320684;0.4541447
-3.41201;170.9347665;7.66904;7.63096;-0.9998091;-0.0195368;5.275018;3835.6693025;-3.1211833;-1.5e-06;62.8752331;0.4486777
-3.2948001;164.9372066;7.6689681;7.6310319;-0.999809;-0.0195418;5.2698412;3841.6680363;-3.1211922;-1.5e-06;62.9178492;0.4432806
-3.1775561;158.9396464;7.6679372;7.6320628;-0.9998089;-0.0195482;5.2647505;3847.666778;-3.1212008;-1.4e-06;62.9599244;0.4379524
-3.0602699;152.9420854;7.667913;7.632087;-0.9998088;-0.0195559;5.2597521;3853.6655283;-3.121209;-1.4e-06;63.0014663;0.4326921
-2.9429334;146.9445232;7.6672477;7.6327523;-0.9998086;-0.0195649;5.2548525;3859.6642879;-3.121217;-1.3e-06;63.0424825;0.4274987
-2.8255384;140.9469591;7.6667945;7.6332055;-0.9998084;-0.0195754;5.2500581;3865.6630575;-3.1212247;-1.3e-06;63.0829803;0.4223714
-2.7080767;134.9493925;7.6668017;7.6331983;-0.9998082;-0.0195871;5.2453758;3871.6618377;-3.1212323;-1.2e-06;63.1229669;0.4173091
-2.5905404;128.951823;7.6657485;7.6342515;-0.9998079;-0.0196002;5.2408125;3877.6606294;-3.1212396;-1.2e-06;63.1624495;0.412311
-2.4729212;122.9542499;7.6658103;7.6341897;-0.9998076;-0.0196147;5.2363752;3883.6594331;-3.1212468;-1.2e-06;63.2014351;0.4073761
-2.3552111;116.9566727;7.6650217;7.6349783;-0.9998073;-0.0196305;5.2320714;3889.6582497;-3.1212538;-1.2e-06;63.2399305;0.4025036
-2.2374019;110.9590909;7.6645848;7.6354152;-0.999807;-0.0196477;5.2279084;3895.6570797;-3.1212608;-1.2e-06;63.2779425;0.3976925
-2.1194855;104.9615038;7.6644648;7.6355352;-0.9998066;-0.0196662;5.223894;3901.655924;-3.1212677;-1.1e-06;63.3154779;0.3929421
-2.0014537;98.963911;7.6643043;7.6356957;-0.9998062;-0.0196861;5.220036;3907.6547831;-3.1212745;-1.1e-06;63.3525431;0.3882515
-1.8832985;92.9663119;7.6629479;7.6370521;-0.9998058;-0.0197073;5.2163424;3913.6536579;-3.1212814;-1.1e-06;63.3891446;0.3836198
-1.7650117;86.9687059;7.6622547;7.6377453;-0.9998053;-0.0197299;5.2128214;3919.652549;-3.1212883;-1.2e-06;63.4252888;0.3790463
-1.6465852;80.9710925;7.6622404;7.6377596;-0.9998049;-0.0197538;5.2094816;3925.6514572;-3.1212952;-1.2e-06;63.4609819;0.37453
-1.5280109;74.9734711;7.6611254;7.6388746;-0.9998044;-0.0197791;5.2063315;3931.6503831;-3.1213023;-1.2e-06;63.4962301;0.3700704
-1.4092807;68.9758412;7.6610225;7.6389775;-0.9998038;-0.0198057;5.20338;3937.6493275;-3.1213095;-1.2e-06;63.5310394;0.3656664
-1.2903864;62.9782022;7.6604708;7.6395292;-0.9998033;-0.0198337;5.2006363;3943.6482911;-3.1213169;-1.2e-06;63.5654158;0.3613175
-1.1713199;56.9805535;7.6597421;7.6402579;-0.9998027;-0.0198631;5.1981097;3949.6472746;-3.1213245;-1.3e-06;63.5993652;0.3570228
-1.052073;50.9828946;7.6595961;7.6404039;-0.9998021;-0.0198938;5.1958099;3955.6462787;-3.1213323;-1.3e-06;63.6328932;0.3527816
-0.9326378;44.985225;7.6587048;7.6412952;-0.9998015;-0.0199258;5.1937468;3961.6453043;-3.1213405;-1.4e-06;63.6660057;0.3485932
-0.813006;38.987544;7.6586032;7.6413968;-0.9998008;-0.0199592;5.1919308;3967.6443519;-3.1213491;-1.5e-06;63.6987082;0.3444568
-0.6931695;32.9898512;7.6581181;7.6418819;-0.9998001;-0.0199939;5.1903724;3973.6434224;-3.1213582;-1.5e-06;63.7310061;0.3403717
-0.5731201;26.992146;7.6574423;7.6425577;-0.9997994;-0.02003;5.1890828;3979.6425165;-3.1213677;-1.6e-06;63.762905;0.3363373
-0.4528499;20.9944277;7.657361;7.642639;-0.9997986;-0.0200675;5.1880733;3985.6416349;-3.1213778;-1.7e-06;63.7944102;0.3323529
-0.3323506;14.996696;7.6562761;7.6437239;-0.9997978;-0.0201063;5.187356;3991.6407783;-3.1213886;-1.9e-06;63.8255269;0.3284178
-0.2116141;8.9989501;7.6561822;7.6438178;-0.999797;-0.0201464;5.1869433;3997.6399476;-3.1214002;-2e-06;63.8562603;0.3245312
-0.0906324;3.0011896;7.6417199;7.6582801;-0.9997962;-0.0201879;5.1868483;4003.6391435;-3.1214126;-2.1e-06;63.8866155;0.1607354
